Position,Name + ID,Name,ID,Roster Position,Salary,Game Info,TeamAbbrev,AvgPointsPerGame,Status,Starting
SP,Chase Burns (43676966),Chase Burns,43676966,P,11200,CIN@STL 07/24/2026 08:15PM ET,CIN,21.5,,
SP,Logan Gilbert (43676826),Logan Gilbert,43676826,P,10000,SEA@TEX 07/24/2026 08:05PM ET,SEA,19.8,,
SP,Bryce Miller (43676887),Bryce Miller,43676887,P,10000,SEA@TEX 07/24/2026 08:05PM ET,SEA,21.3,,SP
SP,Jacob deGrom (43676669),Jacob deGrom,43676669,P,9800,SEA@TEX 07/24/2026 08:05PM ET,TEX,19.3,,
SP,Joe Ryan (43676739),Joe Ryan,43676739,P,9800,ATH@MIN 07/24/2026 08:10PM ET,MIN,17.4,,
SP,Logan Webb (43676734),Logan Webb,43676734,P,9700,LAA@SF 07/24/2026 10:15PM ET,SF,15.5,,SP
SP,Nathan Eovaldi (43676658),Nathan Eovaldi,43676658,P,9300,SEA@TEX 07/24/2026 08:05PM ET,TEX,18.1,,
SP,Hunter Greene (43676829),Hunter Greene,43676829,P,9200,CIN@STL 07/24/2026 08:15PM ET,CIN,21.1,,
SP,George Kirby (43676800),George Kirby,43676800,P,9000,SEA@TEX 07/24/2026 08:05PM ET,SEA,16.9,,
SP,Taj Bradley (43676872),Taj Bradley,43676872,P,8800,ATH@MIN 07/24/2026 08:10PM ET,MIN,18.6,,
SP,Mick Abel (43676934),Mick Abel,43676934,P,8800,ATH@MIN 07/24/2026 08:10PM ET,MIN,14.2,IL,
SP,Jose Soriano (43676774),Jose Soriano,43676774,P,8300,LAA@SF 07/24/2026 10:15PM ET,LAA,17.1,,
SP,MacKenzie Gore (43676830),MacKenzie Gore,43676830,P,8300,SEA@TEX 07/24/2026 08:05PM ET,TEX,14.8,,SP
SP,Reid Detmers (43676839),Reid Detmers,43676839,P,8300,LAA@SF 07/24/2026 10:15PM ET,LAA,17.2,,
RP,Walbert Urena (43676995),Walbert Urena,43676995,P,8300,LAA@SF 07/24/2026 10:15PM ET,LAA,14.4,,
SP,Robbie Ray (43676671),Robbie Ray,43676671,P,8200,LAA@SF 07/24/2026 10:15PM ET,SF,15.2,,
RP,Landen Roupp (43676931),Landen Roupp,43676931,P,8200,LAA@SF 07/24/2026 10:15PM ET,SF,16.1,,
SP,Emerson Hancock (43676844),Emerson Hancock,43676844,P,8000,SEA@TEX 07/24/2026 08:05PM ET,SEA,16.6,,
RP,J.T. Ginn (43676866),J.T. Ginn,43676866,P,8000,ATH@MIN 07/24/2026 08:10PM ET,ATH,14.1,IL,
SP,Gage Jump (43676965),Gage Jump,43676965,P,8000,ATH@MIN 07/24/2026 08:10PM ET,ATH,14.2,,
SP,Bryan Woo (43676974),Bryan Woo,43676974,P,8000,SEA@TEX 07/24/2026 08:05PM ET,SEA,16.8,,
SP,Pablo Lopez (43676705),Pablo Lopez,43676705,P,7800,ATH@MIN 07/24/2026 08:10PM ET,MIN,0,IL,
SP,Dustin May (43676785),Dustin May,43676785,P,7800,CIN@STL 07/24/2026 08:15PM ET,STL,13.2,,SP
SP,Bailey Ober (43676794),Bailey Ober,43676794,P,7800,ATH@MIN 07/24/2026 08:10PM ET,MIN,12.8,,
RP,Andre Pallante (43676816),Andre Pallante,43676816,P,7800,CIN@STL 07/24/2026 08:15PM ET,STL,13,,
SP,Connor Prielipp (43676922),Connor Prielipp,43676922,P,7800,ATH@MIN 07/24/2026 08:10PM ET,MIN,13,IL,
SP,Michael McGreevy (43676963),Michael McGreevy,43676963,P,7800,CIN@STL 07/24/2026 08:15PM ET,STL,13.3,,
RP,Jacob Latz (43676737),Jacob Latz,43676737,P,7300,SEA@TEX 07/24/2026 08:05PM ET,TEX,4.9,,
SP,Jack Leiter (43676914),Jack Leiter,43676914,P,7300,SEA@TEX 07/24/2026 08:05PM ET,TEX,12.7,IL,
SP,Tyler Mahle (43676716),Tyler Mahle,43676716,P,7200,LAA@SF 07/24/2026 10:15PM ET,SF,11.1,,
SP,Nick Lodolo (43676782),Nick Lodolo,43676782,P,7200,CIN@STL 07/24/2026 08:15PM ET,CIN,10.8,IL,
SP,Andrew Abbott (43676842),Andrew Abbott,43676842,P,7200,CIN@STL 07/24/2026 08:15PM ET,CIN,12.5,,
RP,Trevor McDonald (43676909),Trevor McDonald,43676909,P,7200,LAA@SF 07/24/2026 10:15PM ET,SF,10.1,IL,
SP,Carson Whisenhunt (43677002),Carson Whisenhunt,43677002,P,7200,LAA@SF 07/24/2026 10:15PM ET,SF,13.5,,
SP,Luis Castillo (43676687),Luis Castillo,43676687,P,7000,SEA@TEX 07/24/2026 08:05PM ET,SEA,11.2,,
SP,Luis Severino (43676688),Luis Severino,43676688,P,7000,ATH@MIN 07/24/2026 08:10PM ET,ATH,13.7,IL,
RP,Jeffrey Springs (43676758),Jeffrey Springs,43676758,P,7000,ATH@MIN 07/24/2026 08:10PM ET,ATH,9.5,,
SP,Gunnar Hoglund (43676867),Gunnar Hoglund,43676867,P,7000,ATH@MIN 07/24/2026 08:10PM ET,ATH,0,IL,
RP,Jack Perkins (43676886),Jack Perkins,43676886,P,7000,ATH@MIN 07/24/2026 08:10PM ET,ATH,6,,
SP,Yusei Kikuchi (43676667),Yusei Kikuchi,43676667,P,6800,LAA@SF 07/24/2026 10:15PM ET,LAA,9.4,IL,
RP,Matthew Liberatore (43676859),Matthew Liberatore,43676859,P,6800,CIN@STL 07/24/2026 08:15PM ET,STL,11.3,,
RP,Kyle Leahy (43676878),Kyle Leahy,43676878,P,6800,CIN@STL 07/24/2026 08:15PM ET,STL,12.8,,
SP,Kumar Rocker (43676891),Kumar Rocker,43676891,P,6800,SEA@TEX 07/24/2026 08:05PM ET,TEX,12.3,,
SP,Chase Silseth (43676967),Chase Silseth,43676967,P,6800,LAA@SF 07/24/2026 10:15PM ET,LAA,3.1,,
RP,Ryan Johnson (43676971),Ryan Johnson,43676971,P,6800,LAA@SF 07/24/2026 10:15PM ET,LAA,6.9,,
SP,Hunter Dobbins (43676978),Hunter Dobbins,43676978,P,6800,CIN@STL 07/24/2026 08:15PM ET,STL,14.2,,
SP,Zebby Matthews (43677017),Zebby Matthews,43677017,P,6800,ATH@MIN 07/24/2026 08:10PM ET,MIN,12.3,,SP
RP,Cooper Criswell (43676876),Cooper Criswell,43676876,P,6500,SEA@TEX 07/24/2026 08:05PM ET,SEA,3,IL,
SP,Logan Evans (43677039),Logan Evans,43677039,P,6500,SEA@TEX 07/24/2026 08:05PM ET,SEA,0,IL,
SP,Adrian Houser (43676681),Adrian Houser,43676681,P,6200,LAA@SF 07/24/2026 10:15PM ET,SF,7.4,,
SP,Brady Singer (43676753),Brady Singer,43676753,P,6200,CIN@STL 07/24/2026 08:15PM ET,CIN,11.7,,
RP,JT Brubaker (43676755),JT Brubaker,43676755,P,6200,LAA@SF 07/24/2026 10:15PM ET,SF,3.8,,
RP,Tristan Beck (43676759),Tristan Beck,43676759,P,6200,LAA@SF 07/24/2026 10:15PM ET,SF,1.1,,
RP,Jose Butto (43676819),Jose Butto,43676819,P,6200,LAA@SF 07/24/2026 10:15PM ET,SF,-0.5,IL,
SP,Keaton Winn (43676838),Keaton Winn,43676838,P,6200,LAA@SF 07/24/2026 10:15PM ET,SF,2.6,,
SP,Caleb Kilian (43676855),Caleb Kilian,43676855,P,6200,LAA@SF 07/24/2026 10:15PM ET,SF,2.9,,
RP,Dylan Smith (43676879),Dylan Smith,43676879,P,6200,LAA@SF 07/24/2026 10:15PM ET,SF,2.6,,
SP,Brandon Williamson (43676888),Brandon Williamson,43676888,P,6200,CIN@STL 07/24/2026 08:15PM ET,CIN,6.9,IL,
SP,Connor Phillips (43676919),Connor Phillips,43676919,P,6200,CIN@STL 07/24/2026 08:15PM ET,CIN,2.3,,
RP,Carson Seymour (43676927),Carson Seymour,43676927,P,6200,LAA@SF 07/24/2026 10:15PM ET,SF,-4,,
RP,Jose Franco (43676952),Jose Franco,43676952,P,6200,CIN@STL 07/24/2026 08:15PM ET,CIN,2.7,,
SP,Chase Petty (43676962),Chase Petty,43676962,P,6200,CIN@STL 07/24/2026 08:15PM ET,CIN,3,,
SP,Blade Tidwell (43677001),Blade Tidwell,43677001,P,6200,LAA@SF 07/24/2026 10:15PM ET,SF,3.8,,
RP,Hayden Birdsong (43677016),Hayden Birdsong,43677016,P,6200,LAA@SF 07/24/2026 10:15PM ET,SF,0,IL,
SP,Rhett Lowder (43677030),Rhett Lowder,43677030,P,6200,CIN@STL 07/24/2026 08:15PM ET,CIN,7.7,,SP
OF,Byron Buxton (43676689),Byron Buxton,43676689,OF,6000,ATH@MIN 07/24/2026 08:10PM ET,MIN,9.8,,2
RP,Jose Suarez (43676745),Jose Suarez,43676745,P,6000,ATH@MIN 07/24/2026 08:10PM ET,ATH,4.1,,
SP,Luis Medina (43676810),Luis Medina,43676810,P,6000,ATH@MIN 07/24/2026 08:10PM ET,ATH,4.1,,
SP,Jacob Lopez (43676883),Jacob Lopez,43676883,P,6000,ATH@MIN 07/24/2026 08:10PM ET,ATH,6.5,,SP
RP,Joey Estes (43676913),Joey Estes,43676913,P,6000,ATH@MIN 07/24/2026 08:10PM ET,ATH,6.2,,
RP,Yunior Tur (43677026),Yunior Tur,43677026,P,6000,ATH@MIN 07/24/2026 08:10PM ET,ATH,-12.8,,
SP,Kade Morris (43677035),Kade Morris,43677035,P,6000,ATH@MIN 07/24/2026 08:10PM ET,ATH,-2.2,,
SP,Luis Morales (43677037),Luis Morales,43677037,P,6000,ATH@MIN 07/24/2026 08:10PM ET,ATH,-4.3,,
SS,Elly De La Cruz (43676955),Elly De La Cruz,43676955,SS,5900,CIN@STL 07/24/2026 08:15PM ET,CIN,9.7,,1
SP,Marco Gonzales (43676673),Marco Gonzales,43676673,P,5800,SEA@TEX 07/24/2026 08:05PM ET,TEX,8.4,,
RP,Tyler Alexander (43676720),Tyler Alexander,43676720,P,5800,SEA@TEX 07/24/2026 08:05PM ET,TEX,2.6,,
RP,Cal Quantrill (43676721),Cal Quantrill,43676721,P,5800,SEA@TEX 07/24/2026 08:05PM ET,TEX,4.9,,
SP,Jordan Montgomery (43676735),Jordan Montgomery,43676735,P,5800,SEA@TEX 07/24/2026 08:05PM ET,TEX,0,IL,
SP,Joey Lucchesi (43676784),Joey Lucchesi,43676784,P,5800,LAA@SF 07/24/2026 10:15PM ET,LAA,-0.6,,
RP,Yoendrys Gomez (43676846),Yoendrys Gomez,43676846,P,5800,ATH@MIN 07/24/2026 08:10PM ET,MIN,2.8,,
RP,Cody Bradford (43676854),Cody Bradford,43676854,P,5800,SEA@TEX 07/24/2026 08:05PM ET,TEX,0,IL,
SP,Grayson Rodriguez (43676863),Grayson Rodriguez,43676863,P,5800,LAA@SF 07/24/2026 10:15PM ET,LAA,5.1,,SP
RP,Jack Anderson (43676889),Jack Anderson,43676889,P,5800,ATH@MIN 07/24/2026 08:10PM ET,MIN,5.3,,
SP,Jack Kochanowicz (43676904),Jack Kochanowicz,43676904,P,5800,LAA@SF 07/24/2026 10:15PM ET,LAA,7.3,IL,
SP,Tink Hence (43676937),Tink Hence,43676937,P,5800,CIN@STL 07/24/2026 08:15PM ET,STL,0,,
SP,Tekoah Roby (43676943),Tekoah Roby,43676943,P,5800,CIN@STL 07/24/2026 08:15PM ET,STL,0,IL,
RP,Marco Raya (43676945),Marco Raya,43676945,P,5800,ATH@MIN 07/24/2026 08:10PM ET,MIN,4.2,IL,
SP,Jose Corniell (43676949),Jose Corniell,43676949,P,5800,SEA@TEX 07/24/2026 08:05PM ET,TEX,-5.6,IL,
RP,Sam Aldegheri (43676953),Sam Aldegheri,43676953,P,5800,LAA@SF 07/24/2026 10:15PM ET,LAA,7.2,,
SP,Richard Fitts (43676968),Richard Fitts,43676968,P,5800,CIN@STL 07/24/2026 08:15PM ET,STL,0,IL,
SP,David Festa (43676981),David Festa,43676981,P,5800,ATH@MIN 07/24/2026 08:10PM ET,MIN,0,IL,
RP,Mike Paredes (43676982),Mike Paredes,43676982,P,5800,ATH@MIN 07/24/2026 08:10PM ET,MIN,5.3,,
RP,Kendry Rojas (43676984),Kendry Rojas,43676984,P,5800,ATH@MIN 07/24/2026 08:10PM ET,MIN,7.1,,
SP,Brycen Mautz (43677005),Brycen Mautz,43677005,P,5800,CIN@STL 07/24/2026 08:15PM ET,STL,3.2,,
SP,Caden Dana (43677009),Caden Dana,43677009,P,5800,LAA@SF 07/24/2026 10:15PM ET,LAA,0,,
SP,Leandro Lopez (43677024),Leandro Lopez,43677024,P,5800,SEA@TEX 07/24/2026 08:05PM ET,TEX,0,IL,
SP,David Davalillo (43677027),David Davalillo,43677027,P,5800,SEA@TEX 07/24/2026 08:05PM ET,TEX,0,,
SP,George Klassen (43677038),George Klassen,43677038,P,5800,LAA@SF 07/24/2026 10:15PM ET,LAA,0.2,,
RP,Mitch Farris (43677040),Mitch Farris,43677040,P,5800,LAA@SF 07/24/2026 10:15PM ET,LAA,5.2,,
1B,Nick Kurtz (43677044),Nick Kurtz,43677044,1B,5600,ATH@MIN 07/24/2026 08:10PM ET,ATH,9.6,IL,
OF,Jordan Walker (43676936),Jordan Walker,43676936,OF,5400,CIN@STL 07/24/2026 08:15PM ET,STL,9.6,,2
C,Shea Langeliers (43676798),Shea Langeliers,43676798,C,5300,ATH@MIN 07/24/2026 08:10PM ET,ATH,8.6,,3
C,Ryan Jeffers (43676868),Ryan Jeffers,43676868,C,5200,ATH@MIN 07/24/2026 08:10PM ET,MIN,8.9,,3
OF,Mike Trout (43676661),Mike Trout,43676661,OF,5000,LAA@SF 07/24/2026 10:15PM ET,LAA,9,,2
2B,JJ Wetherholt (43677043),JJ Wetherholt,43677043,2B,5000,CIN@STL 07/24/2026 08:15PM ET,STL,8.2,,1
OF,Randy Arozarena (43676767),Randy Arozarena,43676767,OF,4900,SEA@TEX 07/24/2026 08:05PM ET,SEA,8.8,,1
1B/3B,Sal Stewart (43677006),Sal Stewart,43677006,1B/3B,4900,CIN@STL 07/24/2026 08:15PM ET,CIN,8.8,,2
2B,Kody Clemens (43676761),Kody Clemens,43676761,2B,4600,ATH@MIN 07/24/2026 08:10PM ET,MIN,7.6,,
OF,Tyler Soderstrom (43676935),Tyler Soderstrom,43676935,OF,4600,ATH@MIN 07/24/2026 08:10PM ET,ATH,7.7,,2
SS,Corey Seager (43676692),Corey Seager,43676692,SS,4500,SEA@TEX 07/24/2026 08:05PM ET,TEX,7,IL,
2B,Luis Arraez (43676728),Luis Arraez,43676728,2B,4500,LAA@SF 07/24/2026 10:15PM ET,SF,7.7,,1
1B,Alec Burleson (43676926),Alec Burleson,43676926,1B,4500,CIN@STL 07/24/2026 08:15PM ET,STL,8.2,,3
3B,Casey Schmitt (43676929),Casey Schmitt,43676929,3B,4500,LAA@SF 07/24/2026 10:15PM ET,SF,8.1,,5
1B/OF,Spencer Steer (43676795),Spencer Steer,43676795,1B/OF,4400,CIN@STL 07/24/2026 08:15PM ET,CIN,7,,6
OF,Heliot Ramos (43676832),Heliot Ramos,43676832,OF,4400,LAA@SF 07/24/2026 10:15PM ET,SF,7.1,,2
OF,Julio Rodriguez (43676858),Julio Rodriguez,43676858,OF,4400,SEA@TEX 07/24/2026 08:05PM ET,SEA,7.9,,2
SS,Zach Neto (43676999),Zach Neto,43676999,SS,4400,LAA@SF 07/24/2026 10:15PM ET,LAA,8.7,,1
1B,Rafael Devers (43676729),Rafael Devers,43676729,1B,4300,LAA@SF 07/24/2026 10:15PM ET,SF,7.5,,4
OF,Wyatt Langford (43677028),Wyatt Langford,43677028,OF,4300,SEA@TEX 07/24/2026 08:05PM ET,TEX,9.1,,2
OF,Trevor Larnach (43676760),Trevor Larnach,43676760,OF,4200,ATH@MIN 07/24/2026 08:10PM ET,MIN,6.9,,
OF,JJ Bleday (43676799),JJ Bleday,43676799,OF,4200,CIN@STL 07/24/2026 08:15PM ET,CIN,8.3,,3
SS,Jacob Wilson (43677029),Jacob Wilson,43677029,SS,4200,ATH@MIN 07/24/2026 08:10PM ET,ATH,7.4,,1
3B,Josh Jung (43676850),Josh Jung,43676850,3B,4100,SEA@TEX 07/24/2026 08:05PM ET,TEX,7.3,DTD,
3B/OF,Zack Gelof (43676892),Zack Gelof,43676892,3B/OF,4100,ATH@MIN 07/24/2026 08:10PM ET,ATH,7.6,IL,
RP,Hunter Strickland (43676656),Hunter Strickland,43676656,P,4000,LAA@SF 07/24/2026 10:15PM ET,LAA,0,,
RP,Pierce Johnson (43676662),Pierce Johnson,43676662,P,4000,CIN@STL 07/24/2026 08:15PM ET,CIN,2,,
RP,Taylor Rogers (43676663),Taylor Rogers,43676663,P,4000,ATH@MIN 07/24/2026 08:10PM ET,MIN,1.9,,
RP,Kirby Yates (43676666),Kirby Yates,43676666,P,4000,LAA@SF 07/24/2026 10:15PM ET,LAA,3,,
RP,Ryne Stanek (43676668),Ryne Stanek,43676668,P,4000,CIN@STL 07/24/2026 08:15PM ET,STL,2.3,,
RP,Rowan Wick (43676672),Rowan Wick,43676672,P,4000,LAA@SF 07/24/2026 10:15PM ET,SF,0,IL,
RP,Chris Martin (43676675),Chris Martin,43676675,P,4000,SEA@TEX 07/24/2026 08:05PM ET,TEX,0.5,IL,
RP,Andrew Chafin (43676678),Andrew Chafin,43676678,P,4000,CIN@STL 07/24/2026 08:15PM ET,CIN,0,,
RP,Michael Kelly (43676679),Michael Kelly,43676679,P,4000,ATH@MIN 07/24/2026 08:10PM ET,ATH,-1.1,,
RP,Robert Stephenson (43676682),Robert Stephenson,43676682,P,4000,LAA@SF 07/24/2026 10:15PM ET,LAA,0,IL,
RP,Anthony Banda (43676683),Anthony Banda,43676683,P,4000,ATH@MIN 07/24/2026 08:10PM ET,MIN,2.2,IL,
RP,Jakob Junis (43676684),Jakob Junis,43676684,P,4000,SEA@TEX 07/24/2026 08:05PM ET,TEX,2.9,,
RP,Brent Suter (43676686),Brent Suter,43676686,P,4000,LAA@SF 07/24/2026 10:15PM ET,LAA,3.5,,
RP,Angel Perdomo (43676693),Angel Perdomo,43676693,P,4000,LAA@SF 07/24/2026 10:15PM ET,LAA,0,,
RP,Ryan Borucki (43676696),Ryan Borucki,43676696,P,4000,LAA@SF 07/24/2026 10:15PM ET,SF,1.8,,
RP,Tejay Antone (43676697),Tejay Antone,43676697,P,4000,CIN@STL 07/24/2026 08:15PM ET,CIN,3,,
RP,Sam Moll (43676701),Sam Moll,43676701,P,4000,CIN@STL 07/24/2026 08:15PM ET,CIN,2.3,,
SS,Willy Adames (43676706),Willy Adames,43676706,SS,4000,LAA@SF 07/24/2026 10:15PM ET,SF,7.1,,7
RP,Emilio Pagan (43676715),Emilio Pagan,43676715,P,4000,CIN@STL 07/24/2026 08:15PM ET,CIN,2.3,,
RP,Gabe Speier (43676718),Gabe Speier,43676718,P,4000,SEA@TEX 07/24/2026 08:05PM ET,SEA,2.3,,
RP,Mark Leiter Jr. (43676719),Mark Leiter Jr.,43676719,P,4000,ATH@MIN 07/24/2026 08:10PM ET,ATH,2.5,IL,
RP,Yunior Marte (43676722),Yunior Marte,43676722,P,4000,CIN@STL 07/24/2026 08:15PM ET,CIN,-8.3,,
RP,Matt Gage (43676726),Matt Gage,43676726,P,4000,LAA@SF 07/24/2026 10:15PM ET,SF,1.8,IL,
RP,Jalen Beeks (43676727),Jalen Beeks,43676727,P,4000,SEA@TEX 07/24/2026 08:05PM ET,TEX,2.2,IL,
RP,Brock Burke (43676733),Brock Burke,43676733,P,4000,CIN@STL 07/24/2026 08:15PM ET,CIN,2.5,,
RP,Sam Hentges (43676736),Sam Hentges,43676736,P,4000,LAA@SF 07/24/2026 10:15PM ET,SF,2.3,,
RP,Caleb Ferguson (43676740),Caleb Ferguson,43676740,P,4000,CIN@STL 07/24/2026 08:15PM ET,CIN,2.5,,
RP,Eduard Bazardo (43676746),Eduard Bazardo,43676746,P,4000,SEA@TEX 07/24/2026 08:05PM ET,SEA,2.9,,
SP,Tony Santillan (43676752),Tony Santillan,43676752,P,4000,CIN@STL 07/24/2026 08:15PM ET,CIN,2,IL,
RP,Drew Smith (43676754),Drew Smith,43676754,P,4000,ATH@MIN 07/24/2026 08:10PM ET,MIN,0,,
RP,Tayler Saucedo (43676756),Tayler Saucedo,43676756,P,4000,LAA@SF 07/24/2026 10:15PM ET,LAA,2,,
RP,Cole Sands (43676757),Cole Sands,43676757,P,4000,ATH@MIN 07/24/2026 08:10PM ET,MIN,2.6,IL,
RP,Geoff Hartlieb (43676762),Geoff Hartlieb,43676762,P,4000,ATH@MIN 07/24/2026 08:10PM ET,ATH,2.3,,
RP,Reiver Sanmartin (43676763),Reiver Sanmartin,43676763,P,4000,LAA@SF 07/24/2026 10:15PM ET,SF,5.3,,
RP,Jason Foley (43676768),Jason Foley,43676768,P,4000,LAA@SF 07/24/2026 10:15PM ET,SF,3.3,,
RP,Robert Garcia (43676772),Robert Garcia,43676772,P,4000,SEA@TEX 07/24/2026 08:05PM ET,TEX,1.9,IL,
RP,Gregory Santos (43676776),Gregory Santos,43676776,P,4000,LAA@SF 07/24/2026 10:15PM ET,SF,1.5,,
RP,George Soriano (43676779),George Soriano,43676779,P,4000,CIN@STL 07/24/2026 08:15PM ET,STL,2.9,,
RP,Joel Peguero (43676780),Joel Peguero,43676780,P,4000,LAA@SF 07/24/2026 10:15PM ET,SF,1.8,IL,
RP,JoJo Romero (43676783),JoJo Romero,43676783,P,4000,CIN@STL 07/24/2026 08:15PM ET,STL,2.7,IL,
RP,Brooks Kriske (43676789),Brooks Kriske,43676789,P,4000,ATH@MIN 07/24/2026 08:10PM ET,ATH,4.1,IL,
RP,Julian Garcia (43676790),Julian Garcia,43676790,P,4000,CIN@STL 07/24/2026 08:15PM ET,CIN,4.6,,
RP,Graham Ashcraft (43676791),Graham Ashcraft,43676791,P,4000,CIN@STL 07/24/2026 08:15PM ET,CIN,3.4,IL,
RP,Garrett Acton (43676801),Garrett Acton,43676801,P,4000,ATH@MIN 07/24/2026 08:10PM ET,MIN,7.1,IL,
RP,Ryan Zeferjahn (43676802),Ryan Zeferjahn,43676802,P,4000,LAA@SF 07/24/2026 10:15PM ET,LAA,4.3,,
RP,Michael Rucker (43676806),Michael Rucker,43676806,P,4000,SEA@TEX 07/24/2026 08:05PM ET,SEA,2.7,,
RP,Elvis Alvarado (43676807),Elvis Alvarado,43676807,P,4000,ATH@MIN 07/24/2026 08:10PM ET,ATH,3.4,,
RP,Tommy Nance (43676808),Tommy Nance,43676808,P,4000,ATH@MIN 07/24/2026 08:10PM ET,MIN,3.1,,
RP,Andres Munoz (43676809),Andres Munoz,43676809,P,4000,SEA@TEX 07/24/2026 08:05PM ET,SEA,3.7,,
RP,Woo Suk Go (43676815),Woo Suk Go,43676815,P,4000,ATH@MIN 07/24/2026 08:10PM ET,MIN,1.3,,
RP,Josh Simpson (43676817),Josh Simpson,43676817,P,4000,SEA@TEX 07/24/2026 08:05PM ET,SEA,0.8,,
C,Ivan Herrera (43676820),Ivan Herrera,43676820,C,4000,CIN@STL 07/24/2026 08:15PM ET,STL,7.5,,4
SP,Nick Margevicius (43676835),Nick Margevicius,43676835,P,4000,LAA@SF 07/24/2026 10:15PM ET,SF,0,,
SP,Riley O'Brien (43676836),Riley O'Brien,43676836,P,4000,CIN@STL 07/24/2026 08:15PM ET,STL,2.9,,
RP,Robinson Ortiz (43676845),Robinson Ortiz,43676845,P,4000,SEA@TEX 07/24/2026 08:05PM ET,SEA,0,,
RP,Brady Basso (43676851),Brady Basso,43676851,P,4000,ATH@MIN 07/24/2026 08:10PM ET,ATH,1.6,,
RP,Matt Brash (43676852),Matt Brash,43676852,P,4000,SEA@TEX 07/24/2026 08:05PM ET,SEA,3.4,IL,
RP,Cole Winn (43676860),Cole Winn,43676860,P,4000,SEA@TEX 07/24/2026 08:05PM ET,TEX,2.6,,
RP,Cole Wilcox (43676862),Cole Wilcox,43676862,P,4000,SEA@TEX 07/24/2026 08:05PM ET,SEA,3,,
RP,Hogan Harris (43676871),Hogan Harris,43676871,P,4000,ATH@MIN 07/24/2026 08:10PM ET,ATH,3.3,,
RP,Jose A. Ferrer (43676874),Jose A. Ferrer,43676874,P,4000,SEA@TEX 07/24/2026 08:05PM ET,SEA,2.4,,
RP,Kody Funderburk (43676877),Kody Funderburk,43676877,P,4000,ATH@MIN 07/24/2026 08:10PM ET,MIN,1.8,,
RP,Randy Rodriguez (43676880),Randy Rodriguez,43676880,P,4000,LAA@SF 07/24/2026 10:15PM ET,SF,0,IL,
RP,Ryan Fernandez (43676882),Ryan Fernandez,43676882,P,4000,CIN@STL 07/24/2026 08:15PM ET,STL,5,,
RP,Ryan Walker (43676884),Ryan Walker,43676884,P,4000,LAA@SF 07/24/2026 10:15PM ET,SF,0.9,,
RP,Justin Bruihl (43676894),Justin Bruihl,43676894,P,4000,CIN@STL 07/24/2026 08:15PM ET,STL,2.1,,
RP,Carlos Vargas (43676895),Carlos Vargas,43676895,P,4000,SEA@TEX 07/24/2026 08:05PM ET,SEA,0,IL,
RP,Peyton Gray (43676897),Peyton Gray,43676897,P,4000,SEA@TEX 07/24/2026 08:05PM ET,TEX,4,,
RP,Luis Curvelo (43676898),Luis Curvelo,43676898,P,4000,SEA@TEX 07/24/2026 08:05PM ET,TEX,0.4,,
RP,Erik Miller (43676901),Erik Miller,43676901,P,4000,LAA@SF 07/24/2026 10:15PM ET,SF,3.2,,
RP,Gavin Collyer (43676908),Gavin Collyer,43676908,P,4000,SEA@TEX 07/24/2026 08:05PM ET,TEX,2.2,,
RP,Cody Laweryson (43676912),Cody Laweryson,43676912,P,4000,ATH@MIN 07/24/2026 08:10PM ET,MIN,3,IL,
RP,Ben Peoples (43676915),Ben Peoples,43676915,P,4000,SEA@TEX 07/24/2026 08:05PM ET,TEX,2.5,,
RP,Taylor Rashi (43676916),Taylor Rashi,43676916,P,4000,ATH@MIN 07/24/2026 08:10PM ET,MIN,3.3,,
RP,Zach Maxwell (43676917),Zach Maxwell,43676917,P,4000,CIN@STL 07/24/2026 08:15PM ET,CIN,0.4,,
RP,Luis Mey (43676923),Luis Mey,43676923,P,4000,CIN@STL 07/24/2026 08:15PM ET,CIN,3.1,,
RP,Zach McCambley (43676925),Zach McCambley,43676925,P,4000,CIN@STL 07/24/2026 08:15PM ET,CIN,1.1,,
RP,Robby Ahlstrom (43676928),Robby Ahlstrom,43676928,P,4000,SEA@TEX 07/24/2026 08:05PM ET,TEX,1.8,,
RP,Carter Baumler (43676941),Carter Baumler,43676941,P,4000,SEA@TEX 07/24/2026 08:05PM ET,TEX,3.5,IL,
RP,Max Rajcic (43676942),Max Rajcic,43676942,P,4000,CIN@STL 07/24/2026 08:15PM ET,STL,3.2,IL,
RP,Eric Orze (43676948),Eric Orze,43676948,P,4000,ATH@MIN 07/24/2026 08:10PM ET,MIN,2.3,,
RP,Nick Davila (43676950),Nick Davila,43676950,P,4000,SEA@TEX 07/24/2026 08:05PM ET,SEA,1.8,,
RP,Justin Sterner (43676951),Justin Sterner,43676951,P,4000,ATH@MIN 07/24/2026 08:10PM ET,ATH,2,IL,
RP,Emiliano Teodo (43676957),Emiliano Teodo,43676957,P,4000,SEA@TEX 07/24/2026 08:05PM ET,TEX,-1.3,,
RP,Sam Bachman (43676958),Sam Bachman,43676958,P,4000,LAA@SF 07/24/2026 10:15PM ET,LAA,3.2,,
RP,Gordon Graceffo (43676960),Gordon Graceffo,43676960,P,4000,CIN@STL 07/24/2026 08:15PM ET,STL,2.9,,
RP,Hayden Juenger (43676975),Hayden Juenger,43676975,P,4000,ATH@MIN 07/24/2026 08:10PM ET,ATH,0.1,,
RP,Brett Kerry (43676976),Brett Kerry,43676976,P,4000,LAA@SF 07/24/2026 10:15PM ET,LAA,6.6,,
RP,Travis Adams (43676977),Travis Adams,43676977,P,4000,ATH@MIN 07/24/2026 08:10PM ET,MIN,4.2,,
SP,Julian Aguiar (43676979),Julian Aguiar,43676979,P,4000,CIN@STL 07/24/2026 08:15PM ET,CIN,0,,
RP,Matt Svanson (43676980),Matt Svanson,43676980,P,4000,CIN@STL 07/24/2026 08:15PM ET,STL,1.9,,
RP,Troy Taylor (43676983),Troy Taylor,43676983,P,4000,SEA@TEX 07/24/2026 08:05PM ET,SEA,0,,
RP,Winston Santos (43676985),Winston Santos,43676985,P,4000,SEA@TEX 07/24/2026 08:05PM ET,TEX,0.7,,
SP,Chen Zhong-Ao Zhuang (43676991),Chen Zhong-Ao Zhuang,43676991,P,4000,ATH@MIN 07/24/2026 08:10PM ET,ATH,0,,
RP,Spencer Bivens (43676992),Spencer Bivens,43676992,P,4000,LAA@SF 07/24/2026 10:15PM ET,SF,4.1,,
SP,Henry Baez (43676994),Henry Baez,43676994,P,4000,ATH@MIN 07/24/2026 08:10PM ET,ATH,0,,
RP,Cooper Hjerpe (43677003),Cooper Hjerpe,43677003,P,4000,CIN@STL 07/24/2026 08:15PM ET,STL,0,,
RP,Ben Joyce (43677008),Ben Joyce,43677008,P,4000,LAA@SF 07/24/2026 10:15PM ET,LAA,0,IL,
RP,Mason Barnett (43677012),Mason Barnett,43677012,P,4000,ATH@MIN 07/24/2026 08:10PM ET,ATH,4.2,,
RP,Andrew Morris (43677013),Andrew Morris,43677013,P,4000,ATH@MIN 07/24/2026 08:10PM ET,MIN,3.9,,
RP,Alex Hoppe (43677014),Alex Hoppe,43677014,P,4000,SEA@TEX 07/24/2026 08:05PM ET,SEA,2.4,,
RP,Samy Natera Jr. (43677021),Samy Natera Jr.,43677021,P,4000,LAA@SF 07/24/2026 10:15PM ET,LAA,5,,
SP,Braden Nett (43677022),Braden Nett,43677022,P,4000,ATH@MIN 07/24/2026 08:10PM ET,ATH,0,,
RP,John Klein (43677023),John Klein,43677023,P,4000,ATH@MIN 07/24/2026 08:10PM ET,MIN,1.9,,
RP,Luis Gastelum (43677025),Luis Gastelum,43677025,P,4000,CIN@STL 07/24/2026 08:15PM ET,STL,3,,
RP,Jose Fermin (43677042),Jose Fermin,43677042,P,4000,LAA@SF 07/24/2026 10:15PM ET,LAA,3.7,,
3B,Eugenio Suarez (43676665),Eugenio Suarez,43676665,3B,3900,CIN@STL 07/24/2026 08:15PM ET,CIN,6.3,,4
1B,Bryce Eldridge (43677031),Bryce Eldridge,43677031,1B,3900,LAA@SF 07/24/2026 10:15PM ET,SF,7.3,,3
OF,Brandon Nimmo (43676677),Brandon Nimmo,43676677,OF,3800,SEA@TEX 07/24/2026 08:05PM ET,TEX,7.2,,4
C,Cal Raleigh (43676771),Cal Raleigh,43676771,C,3800,SEA@TEX 07/24/2026 08:05PM ET,SEA,5.9,,4
OF,Jung Hoo Lee (43676814),Jung Hoo Lee,43676814,OF,3800,LAA@SF 07/24/2026 10:15PM ET,SF,7,,6
OF,Carlos Cortes (43676793),Carlos Cortes,43676793,OF,3700,ATH@MIN 07/24/2026 08:10PM ET,ATH,5.2,,4
3B,Brooks Lee (43676918),Brooks Lee,43676918,3B,3700,ATH@MIN 07/24/2026 08:10PM ET,MIN,7.3,,8
1B/C,Victor Caratini (43676710),Victor Caratini,43676710,C/1B,3600,ATH@MIN 07/24/2026 08:10PM ET,MIN,5.6,,6
1B,Josh Naylor (43676750),Josh Naylor,43676750,1B,3600,SEA@TEX 07/24/2026 08:05PM ET,SEA,7.3,,5
1B/3B,Royce Lewis (43676827),Royce Lewis,43676827,1B/3B,3600,ATH@MIN 07/24/2026 08:10PM ET,MIN,6.9,,5
OF,Lars Nootbaar (43676825),Lars Nootbaar,43676825,OF,3500,CIN@STL 07/24/2026 08:15PM ET,STL,6.4,,5
OF,Jo Adell (43676831),Jo Adell,43676831,OF,3500,LAA@SF 07/24/2026 10:15PM ET,LAA,6.8,,7
SS,Ezequiel Duran (43676847),Ezequiel Duran,43676847,SS,3500,SEA@TEX 07/24/2026 08:05PM ET,TEX,7,,3
OF,Dominic Canzone (43676853),Dominic Canzone,43676853,OF,3500,SEA@TEX 07/24/2026 08:05PM ET,SEA,6.1,,3
OF,Henry Bolte (43677004),Henry Bolte,43677004,OF,3500,ATH@MIN 07/24/2026 08:10PM ET,ATH,6,,9
1B,Josh Bell (43676680),Josh Bell,43676680,1B,3400,ATH@MIN 07/24/2026 08:10PM ET,MIN,7.1,,4
3B,Matt Chapman (43676732),Matt Chapman,43676732,3B,3400,LAA@SF 07/24/2026 10:15PM ET,SF,6.4,IL,
3B,Brendan Donovan (43676822),Brendan Donovan,43676822,3B,3400,SEA@TEX 07/24/2026 08:05PM ET,SEA,7,IL,
OF,Lawrence Butler (43676873),Lawrence Butler,43676873,OF,3400,ATH@MIN 07/24/2026 08:10PM ET,ATH,4.6,,8
2B,Justin Foscue (43676939),Justin Foscue,43676939,2B,3400,SEA@TEX 07/24/2026 08:05PM ET,TEX,4.9,,
OF,Jorge Soler (43676695),Jorge Soler,43676695,OF,3300,LAA@SF 07/24/2026 10:15PM ET,LAA,6.6,,4
1B,Jake Burger (43676769),Jake Burger,43676769,1B,3300,SEA@TEX 07/24/2026 08:05PM ET,TEX,7,,6
1B,Nathaniel Lowe (43676792),Nathaniel Lowe,43676792,1B,3300,CIN@STL 07/24/2026 08:15PM ET,CIN,5.8,,5
OF,Drew Gilbert (43676920),Drew Gilbert,43676920,OF,3300,LAA@SF 07/24/2026 10:15PM ET,SF,4.2,,8
SS,Masyn Winn (43676938),Masyn Winn,43676938,SS,3300,CIN@STL 07/24/2026 08:15PM ET,STL,6.2,,6
3B,Denzer Guzman (43676987),Denzer Guzman,43676987,3B,3300,LAA@SF 07/24/2026 10:15PM ET,LAA,6,,8
2B,Cole Young (43677000),Cole Young,43677000,2B,3300,SEA@TEX 07/24/2026 08:05PM ET,SEA,6.5,,6
OF,Luke Keaschall (43677034),Luke Keaschall,43677034,OF,3300,ATH@MIN 07/24/2026 08:10PM ET,MIN,6.6,,7
2B/3B,Joshua Kuroda-Grauer (43677047),Joshua Kuroda-Grauer,43677047,2B/3B,3300,ATH@MIN 07/24/2026 08:10PM ET,ATH,7.8,IL,
OF,Joc Pederson (43676670),Joc Pederson,43676670,OF,3200,SEA@TEX 07/24/2026 08:05PM ET,TEX,6.3,,1
OF,Nelson Velazquez (43676834),Nelson Velazquez,43676834,OF,3200,CIN@STL 07/24/2026 08:15PM ET,STL,4.9,,
2B/SS,Alika Williams (43676840),Alika Williams,43676840,2B/SS,3200,ATH@MIN 07/24/2026 08:10PM ET,ATH,3.9,,
OF,Austin Martin (43676843),Austin Martin,43676843,OF,3200,ATH@MIN 07/24/2026 08:10PM ET,MIN,5,,1
OF,Noelvi Marte (43676900),Noelvi Marte,43676900,OF,3200,CIN@STL 07/24/2026 08:15PM ET,CIN,5.2,,
C/OF,Jesus Rodriguez (43676996),Jesus Rodriguez,43676996,C/OF,3200,LAA@SF 07/24/2026 10:15PM ET,SF,5.5,,
C,Jhonny Pereda (43676704),Jhonny Pereda,43676704,C,3100,SEA@TEX 07/24/2026 08:05PM ET,SEA,5.2,,
1B/C,Jonah Heim (43676713),Jonah Heim,43676713,C/1B,3100,ATH@MIN 07/24/2026 08:10PM ET,ATH,6.3,,
OF,Harrison Bader (43676741),Harrison Bader,43676741,OF,3100,LAA@SF 07/24/2026 10:15PM ET,SF,5.2,IL,
OF,Luke Raley (43676788),Luke Raley,43676788,OF,3100,SEA@TEX 07/24/2026 08:05PM ET,SEA,5.4,,
2B/SS,Matt McLain (43676864),Matt McLain,43676864,2B/SS,3100,CIN@STL 07/24/2026 08:15PM ET,CIN,5.8,IL,
OF,Evan Carter (43676944),Evan Carter,43676944,OF,3100,SEA@TEX 07/24/2026 08:05PM ET,TEX,5.6,,5
OF,Nathan Church (43677020),Nathan Church,43677020,OF,3100,CIN@STL 07/24/2026 08:15PM ET,STL,5.1,,7
C,Elias Diaz (43676664),Elias Diaz,43676664,C,3000,SEA@TEX 07/24/2026 08:05PM ET,TEX,4.2,,8
2B,Donovan Walton (43676698),Donovan Walton,43676698,2B,3000,ATH@MIN 07/24/2026 08:10PM ET,ATH,5.8,,5
C,Jose Trevino (43676725),Jose Trevino,43676725,C,3000,CIN@STL 07/24/2026 08:15PM ET,CIN,4.7,,
2B/OF,Bryan Torres (43676764),Bryan Torres,43676764,2B/OF,3000,CIN@STL 07/24/2026 08:15PM ET,STL,3.9,,
OF/SS,Ryan Kreidler (43676803),Ryan Kreidler,43676803,SS/OF,3000,ATH@MIN 07/24/2026 08:10PM ET,MIN,4.6,,9
2B/3B,Vaughn Grissom (43676910),Vaughn Grissom,43676910,2B/3B,3000,LAA@SF 07/24/2026 10:15PM ET,LAA,6.2,,5
OF,Blake Dunn (43676932),Blake Dunn,43676932,OF,3000,CIN@STL 07/24/2026 08:15PM ET,CIN,6.9,IL,
OF,Victor Bericoto (43676933),Victor Bericoto,43676933,OF,3000,LAA@SF 07/24/2026 10:15PM ET,SF,5.2,IL,
C,Daniel Susac (43676959),Daniel Susac,43676959,C,3000,LAA@SF 07/24/2026 10:15PM ET,SF,4.2,,
SS,Colt Emerson (43677032),Colt Emerson,43677032,SS,3000,SEA@TEX 07/24/2026 08:05PM ET,SEA,5.5,,9
1B,Nolan Schanuel (43677033),Nolan Schanuel,43677033,1B,3000,LAA@SF 07/24/2026 10:15PM ET,LAA,6.4,,3
3B/OF,Jose Fermin (43676777),Jose Fermin,43676777,3B/OF,2900,CIN@STL 07/24/2026 08:15PM ET,STL,4.7,,
OF,TJ Friedl (43676811),TJ Friedl,43676811,OF,2900,CIN@STL 07/24/2026 08:15PM ET,CIN,4.4,,
3B,Nolan Gorman (43676861),Nolan Gorman,43676861,3B,2900,CIN@STL 07/24/2026 08:15PM ET,STL,5.1,,
3B,Max Muncy (43676964),Max Muncy,43676964,3B,2900,ATH@MIN 07/24/2026 08:10PM ET,ATH,6.3,,
C,Mitch Garver (43676674),Mitch Garver,43676674,C,2800,SEA@TEX 07/24/2026 08:05PM ET,SEA,4.5,,7
3B/SS,J.P. Crawford (43676708),J.P. Crawford,43676708,3B/SS,2800,SEA@TEX 07/24/2026 08:05PM ET,SEA,6.4,DTD,
C,Tyler Stephenson (43676749),Tyler Stephenson,43676749,C,2800,CIN@STL 07/24/2026 08:15PM ET,CIN,5.3,,7
2B,Oswald Peraza (43676818),Oswald Peraza,43676818,2B,2800,LAA@SF 07/24/2026 10:15PM ET,LAA,5.3,,
C,Pedro Pages (43676849),Pedro Pages,43676849,C,2800,CIN@STL 07/24/2026 08:15PM ET,STL,3.6,DTD,
OF,Colby Thomas (43676921),Colby Thomas,43676921,OF,2800,ATH@MIN 07/24/2026 08:10PM ET,ATH,3.1,DTD,
OF,Jose Siri (43676707),Jose Siri,43676707,OF,2700,LAA@SF 07/24/2026 10:15PM ET,LAA,4.4,,
C,Danny Jansen (43676717),Danny Jansen,43676717,C,2700,SEA@TEX 07/24/2026 08:05PM ET,TEX,4.6,IL,
C,Alex Jackson (43676731),Alex Jackson,43676731,C,2700,ATH@MIN 07/24/2026 08:10PM ET,MIN,4.4,,
OF,Dane Myers (43676770),Dane Myers,43676770,OF,2700,CIN@STL 07/24/2026 08:15PM ET,CIN,4.1,,8
OF,Matt Wallner (43676797),Matt Wallner,43676797,OF,2700,ATH@MIN 07/24/2026 08:10PM ET,MIN,5.1,,
1B/3B,Tommy White (43676972),Tommy White,43676972,1B/3B,2700,ATH@MIN 07/24/2026 08:10PM ET,ATH,6.2,,6
3B,Ramon Urias (43676676),Ramon Urias,43676676,3B,2600,CIN@STL 07/24/2026 08:15PM ET,STL,3.8,IL,
1B/2B,Jeff McNeil (43676702),Jeff McNeil,43676702,1B/2B,2600,ATH@MIN 07/24/2026 08:10PM ET,ATH,4.8,,7
3B,Yoan Moncada (43676743),Yoan Moncada,43676743,3B,2600,LAA@SF 07/24/2026 10:15PM ET,LAA,4.2,IL,
3B/OF,Weston Wilson (43676747),Weston Wilson,43676747,3B/OF,2600,SEA@TEX 07/24/2026 08:05PM ET,SEA,4.1,,8
2B/SS,Nicky Lopez (43676786),Nicky Lopez,43676786,2B/SS,2600,SEA@TEX 07/24/2026 08:05PM ET,TEX,4.7,,7
2B/3B,Will Wilson (43676856),Will Wilson,43676856,2B/3B,2600,SEA@TEX 07/24/2026 08:05PM ET,SEA,9,IL,
OF,Wade Meckler (43677018),Wade Meckler,43677018,OF,2600,LAA@SF 07/24/2026 10:15PM ET,LAA,5.7,,6
C,Kyle Higashioka (43676657),Kyle Higashioka,43676657,C,2500,SEA@TEX 07/24/2026 08:05PM ET,TEX,4.9,IL,
SS,Tristan Gray (43676738),Tristan Gray,43676738,SS,2500,ATH@MIN 07/24/2026 08:10PM ET,MIN,4.4,,
OF,Josh Lowe (43676781),Josh Lowe,43676781,OF,2500,LAA@SF 07/24/2026 10:15PM ET,LAA,4.6,,
OF,Alejandro Osuna (43676954),Alejandro Osuna,43676954,OF,2500,SEA@TEX 07/24/2026 08:05PM ET,TEX,4.8,,
OF,Rhylan Thomas (43677019),Rhylan Thomas,43677019,OF,2500,SEA@TEX 07/24/2026 08:05PM ET,SEA,0,,
OF,Jonah Cox (43677036),Jonah Cox,43677036,OF,2500,LAA@SF 07/24/2026 10:15PM ET,SF,3,IL,
C,Drew Cavanaugh (43677041),Drew Cavanaugh,43677041,C,2500,LAA@SF 07/24/2026 10:15PM ET,SF,3.1,,9
OF,Victor Robles (43676730),Victor Robles,43676730,OF,2400,SEA@TEX 07/24/2026 08:05PM ET,SEA,3.5,,
SS,Darell Hernaiz (43676907),Darell Hernaiz,43676907,SS,2400,ATH@MIN 07/24/2026 08:10PM ET,ATH,3.8,,
OF,Victor Scott II (43677015),Victor Scott II,43677015,OF,2400,CIN@STL 07/24/2026 08:15PM ET,STL,4.1,,
C,Brian Serven (43676742),Brian Serven,43676742,C,2300,ATH@MIN 07/24/2026 08:10PM ET,ATH,1.5,,
C,Logan O'Hoppe (43676881),Logan O'Hoppe,43676881,C,2300,LAA@SF 07/24/2026 10:15PM ET,LAA,4.3,,
OF,Cam Cauley (43676969),Cam Cauley,43676969,OF,2300,SEA@TEX 07/24/2026 08:05PM ET,TEX,4.7,,9
C,Jimmy Crooks (43677010),Jimmy Crooks,43677010,C,2300,CIN@STL 07/24/2026 08:15PM ET,STL,3.7,,9
2B,Josh Smith (43676805),Josh Smith,43676805,2B,2200,SEA@TEX 07/24/2026 08:05PM ET,TEX,4.4,,
2B/SS,Christian Koss (43676823),Christian Koss,43676823,2B/SS,2200,LAA@SF 07/24/2026 10:15PM ET,SF,1.2,,
3B,Blaze Jordan (43676940),Blaze Jordan,43676940,3B,2200,CIN@STL 07/24/2026 08:15PM ET,STL,5.4,,8
2B,Edwin Arroyo (43676970),Edwin Arroyo,43676970,2B,2200,CIN@STL 07/24/2026 08:15PM ET,CIN,3.7,,9
OF,Alan Roden (43677011),Alan Roden,43677011,OF,2200,ATH@MIN 07/24/2026 08:10PM ET,MIN,3.8,,
C,Tyler Heineman (43676694),Tyler Heineman,43676694,C,2100,LAA@SF 07/24/2026 10:15PM ET,LAA,2.6,,9
3B,Ke'Bryan Hayes (43676751),Ke'Bryan Hayes,43676751,3B,2100,CIN@STL 07/24/2026 08:15PM ET,CIN,2.7,,
C,Travis d'Arnaud (43676655),Travis d'Arnaud,43676655,C,2000,LAA@SF 07/24/2026 10:15PM ET,LAA,4,IL,
2B/3B,Anthony Rendon (43676659),Anthony Rendon,43676659,2B/3B,2000,LAA@SF 07/24/2026 10:15PM ET,LAA,0,IL,
OF,Rob Refsnyder (43676685),Rob Refsnyder,43676685,OF,2000,SEA@TEX 07/24/2026 08:05PM ET,SEA,2.4,IL,
1B/3B,Patrick Wisdom (43676690),Patrick Wisdom,43676690,1B/3B,2000,SEA@TEX 07/24/2026 08:05PM ET,SEA,2.9,,
C,Austin Wynns (43676699),Austin Wynns,43676699,C,2000,SEA@TEX 07/24/2026 08:05PM ET,TEX,1.1,,
1B,Trey Mancini (43676700),Trey Mancini,43676700,1B,2000,LAA@SF 07/24/2026 10:15PM ET,LAA,5.4,,
2B,Adam Frazier (43676712),Adam Frazier,43676712,2B,2000,LAA@SF 07/24/2026 10:15PM ET,LAA,3.2,IL,
1B/OF,Connor Joe (43676723),Connor Joe,43676723,1B/OF,2000,SEA@TEX 07/24/2026 08:05PM ET,SEA,3,,
3B,Leo Rivas (43676744),Leo Rivas,43676744,3B,2000,SEA@TEX 07/24/2026 08:05PM ET,SEA,3.3,,
OF,Brent Rooker (43676766),Brent Rooker,43676766,OF,2000,ATH@MIN 07/24/2026 08:10PM ET,ATH,7,IL,
OF,Jared Oliva (43676773),Jared Oliva,43676773,OF,2000,LAA@SF 07/24/2026 10:15PM ET,SF,1.4,,
C,Sebastian Rivero (43676775),Sebastian Rivero,43676775,C,2000,LAA@SF 07/24/2026 10:15PM ET,LAA,3.1,IL,
1B/OF,Jerar Encarnacion (43676812),Jerar Encarnacion,43676812,1B/OF,2000,LAA@SF 07/24/2026 10:15PM ET,SF,1.4,,
OF,Gustavo Campero (43676821),Gustavo Campero,43676821,OF,2000,LAA@SF 07/24/2026 10:15PM ET,LAA,0,,
3B,Buddy Kennedy (43676833),Buddy Kennedy,43676833,3B,2000,SEA@TEX 07/24/2026 08:05PM ET,SEA,1.2,,
OF,Bligh Madris (43676837),Bligh Madris,43676837,OF,2000,CIN@STL 07/24/2026 08:15PM ET,STL,0,,
OF,Dairon Blanco (43676848),Dairon Blanco,43676848,OF,2000,SEA@TEX 07/24/2026 08:05PM ET,TEX,0,,
OF,Brennen Davis (43676869),Brennen Davis,43676869,OF,2000,SEA@TEX 07/24/2026 08:05PM ET,SEA,0,IL,
C,Will Banfield (43676870),Will Banfield,43676870,C,2000,CIN@STL 07/24/2026 08:15PM ET,CIN,0,,
OF,Michael Helman (43676875),Michael Helman,43676875,OF,2000,SEA@TEX 07/24/2026 08:05PM ET,TEX,2.5,IL,
OF,Denzel Clarke (43676885),Denzel Clarke,43676885,OF,2000,ATH@MIN 07/24/2026 08:10PM ET,ATH,3,IL,
2B,Ryan Bliss (43676890),Ryan Bliss,43676890,2B,2000,SEA@TEX 07/24/2026 08:05PM ET,SEA,2.3,,
C,Logan Porter (43676896),Logan Porter,43676896,C,2000,LAA@SF 07/24/2026 10:15PM ET,LAA,4.3,,
C,Diego Cartaya (43676899),Diego Cartaya,43676899,C,2000,LAA@SF 07/24/2026 10:15PM ET,SF,0,,
OF,Kyren Paris (43676902),Kyren Paris,43676902,OF,2000,LAA@SF 07/24/2026 10:15PM ET,LAA,0,,
OF,Grant McCray (43676903),Grant McCray,43676903,OF,2000,LAA@SF 07/24/2026 10:15PM ET,SF,2.8,,
OF,Ivan Johnson (43676905),Ivan Johnson,43676905,OF,2000,CIN@STL 07/24/2026 08:15PM ET,CIN,0.5,,
2B,Cody Freeman (43676906),Cody Freeman,43676906,2B,2000,SEA@TEX 07/24/2026 08:05PM ET,TEX,2.3,IL,
OF,Bryce Teodosio (43676924),Bryce Teodosio,43676924,OF,2000,LAA@SF 07/24/2026 10:15PM ET,LAA,2.2,,
OF,Kyler Fedko (43676930),Kyler Fedko,43676930,OF,2000,ATH@MIN 07/24/2026 08:10PM ET,MIN,0.6,,
2B/OF,Thomas Saggese (43676946),Thomas Saggese,43676946,2B/OF,2000,CIN@STL 07/24/2026 08:15PM ET,STL,3.2,,
OF,Emmanuel Rodriguez (43676956),Emmanuel Rodriguez,43676956,OF,2000,ATH@MIN 07/24/2026 08:10PM ET,MIN,0,IL,
OF,Joshua Baez (43676961),Joshua Baez,43676961,OF,2000,CIN@STL 07/24/2026 08:15PM ET,STL,0,,
OF,Hendry Mendez (43676986),Hendry Mendez,43676986,OF,2000,ATH@MIN 07/24/2026 08:10PM ET,MIN,0,,
OF,Gabriel Gonzalez (43676988),Gabriel Gonzalez,43676988,OF,2000,ATH@MIN 07/24/2026 08:10PM ET,MIN,9,,
3B,Cesar Prieto (43676989),Cesar Prieto,43676989,3B,2000,CIN@STL 07/24/2026 08:15PM ET,STL,0,,
SS,Leo Balcazar (43676990),Leo Balcazar,43676990,SS,2000,CIN@STL 07/24/2026 08:15PM ET,CIN,0,,
OF,Hector Rodriguez (43676993),Hector Rodriguez,43676993,OF,2000,CIN@STL 07/24/2026 08:15PM ET,CIN,0,,
C,Leo Bernal (43676998),Leo Bernal,43676998,C,2000,CIN@STL 07/24/2026 08:15PM ET,STL,0,,
2B/OF,Christian Moore (43677045),Christian Moore,43677045,2B/OF,2000,LAA@SF 07/24/2026 10:15PM ET,LAA,2.7,,
