Position,Name + ID,Name,ID,Roster Position,Salary,Game Info,TeamAbbrev,AvgPointsPerGame
SP,Tarik Skubal (43658760),Tarik Skubal,43658760,P,11100,DET@CHC 07/22/2026 08:10PM ET,DET,21.81
SP,Jacob deGrom (43658647),Jacob deGrom,43658647,P,9800,CWS@TEX 07/22/2026 08:05PM ET,TEX,19.28
SP,Nathan Eovaldi (43658637),Nathan Eovaldi,43658637,P,9300,CWS@TEX 07/22/2026 08:05PM ET,TEX,18.13
SP,Casey Mize (43658780),Casey Mize,43658780,P,9200,DET@CHC 07/22/2026 08:10PM ET,DET,17.41
SP,Troy Melton (43658866),Troy Melton,43658866,P,9200,DET@CHC 07/22/2026 08:10PM ET,DET,21.31
SP,Peter Lambert (43658703),Peter Lambert,43658703,P,9000,MIA@HOU 07/22/2026 08:10PM ET,HOU,18.35
SP,Hunter Brown (43658806),Hunter Brown,43658806,P,9000,MIA@HOU 07/22/2026 08:10PM ET,HOU,13.35
SP,Sandy Alcantara (43658687),Sandy Alcantara,43658687,P,8500,MIA@HOU 07/22/2026 08:10PM ET,MIA,16.26
SP,Max Meyer (43658762),Max Meyer,43658762,P,8500,MIA@HOU 07/22/2026 08:10PM ET,MIA,19.10
SP,Eury Perez (43658848),Eury Perez,43658848,P,8500,MIA@HOU 07/22/2026 08:10PM ET,MIA,17.46
SP,Justin Steele (43658691),Justin Steele,43658691,P,8400,DET@CHC 07/22/2026 08:10PM ET,CHC,0
RP,Ben Brown (43658761),Ben Brown,43658761,P,8400,DET@CHC 07/22/2026 08:10PM ET,CHC,11.57
SP,MacKenzie Gore (43658751),MacKenzie Gore,43658751,P,8300,CWS@TEX 07/22/2026 08:05PM ET,TEX,14.8
RP,Drew Anderson (43658667),Drew Anderson,43658667,P,8200,DET@CHC 07/22/2026 08:10PM ET,DET,5.17
SP,Jack Flaherty (43658689),Jack Flaherty,43658689,P,8200,DET@CHC 07/22/2026 08:10PM ET,DET,12.89
RP,Framber Valdez (43658699),Framber Valdez,43658699,P,8200,DET@CHC 07/22/2026 08:10PM ET,DET,11.72
SP,Keider Montero (43658749),Keider Montero,43658749,P,8200,DET@CHC 07/22/2026 08:10PM ET,DET,12.28
SP,Spencer Arrighetti (43658872),Spencer Arrighetti,43658872,P,8000,MIA@HOU 07/22/2026 08:10PM ET,HOU,14.88
SP,Davis Martin (43658720),Davis Martin,43658720,P,7800,CWS@TEX 07/22/2026 08:05PM ET,CWS,16.16
SP,Sean Burke (43658868),Sean Burke,43658868,P,7800,CWS@TEX 07/22/2026 08:05PM ET,CWS,18.02
SP,Matthew Boyd (43658660),Matthew Boyd,43658660,P,7400,DET@CHC 07/22/2026 08:10PM ET,CHC,15.48
SP,Shota Imanaga (43658715),Shota Imanaga,43658715,P,7400,DET@CHC 07/22/2026 08:10PM ET,CHC,16.01
RP,Jacob Latz (43658692),Jacob Latz,43658692,P,7300,CWS@TEX 07/22/2026 08:05PM ET,TEX,4.88
SP,Jack Leiter (43658816),Jack Leiter,43658816,P,7300,CWS@TEX 07/22/2026 08:05PM ET,TEX,12.71
SP,Reese Olson (43658792),Reese Olson,43658792,P,7200,DET@CHC 07/22/2026 08:10PM ET,DET,0
SP,Jackson Jobe (43658857),Jackson Jobe,43658857,P,7200,DET@CHC 07/22/2026 08:10PM ET,DET,0
SP,Yilber Diaz (43658891),Yilber Diaz,43658891,P,7200,DET@CHC 07/22/2026 08:10PM ET,DET,-17.3
SP,Cristian Javier (43658704),Cristian Javier,43658704,P,7000,MIA@HOU 07/22/2026 08:10PM ET,HOU,1.14
RP,Hayden Wesneski (43658733),Hayden Wesneski,43658733,P,7000,MIA@HOU 07/22/2026 08:10PM ET,HOU,0
SP,Ronel Blanco (43658738),Ronel Blanco,43658738,P,7000,MIA@HOU 07/22/2026 08:10PM ET,HOU,15.5
SP,Tatsuya Imai (43658744),Tatsuya Imai,43658744,P,7000,MIA@HOU 07/22/2026 08:10PM ET,HOU,12.22
RP,Jason Alexander (43658765),Jason Alexander,43658765,P,7000,MIA@HOU 07/22/2026 08:10PM ET,HOU,4.31
SP,Mike Burrows (43658789),Mike Burrows,43658789,P,7000,MIA@HOU 07/22/2026 08:10PM ET,HOU,9.02
RP,Kai-Wei Teng (43658802),Kai-Wei Teng,43658802,P,7000,MIA@HOU 07/22/2026 08:10PM ET,HOU,7.35
SP,Brandon Walter (43658819),Brandon Walter,43658819,P,7000,MIA@HOU 07/22/2026 08:10PM ET,HOU,0
RP,AJ Blubaugh (43658907),AJ Blubaugh,43658907,P,7000,MIA@HOU 07/22/2026 08:10PM ET,HOU,4.91
SP,Anthony Kay (43658680),Anthony Kay,43658680,P,6800,CWS@TEX 07/22/2026 08:05PM ET,CWS,10.42
SP,Jonathan Cannon (43658870),Jonathan Cannon,43658870,P,6800,CWS@TEX 07/22/2026 08:05PM ET,CWS,-3.8
RP,Shane Smith (43658882),Shane Smith,43658882,P,6800,CWS@TEX 07/22/2026 08:05PM ET,CWS,2.52
SP,Noah Schultz (43658896),Noah Schultz,43658896,P,6800,CWS@TEX 07/22/2026 08:05PM ET,CWS,9.01
RP,David Sandlin (43658902),David Sandlin,43658902,P,6800,CWS@TEX 07/22/2026 08:05PM ET,CWS,12.62
SP,Justin Verlander (43658633),Justin Verlander,43658633,P,6700,DET@CHC 07/22/2026 08:10PM ET,DET,-4.55
RP,Tyler Phillips (43658710),Tyler Phillips,43658710,P,6500,MIA@HOU 07/22/2026 08:10PM ET,MIA,6.66
SP,Braxton Garrett (43658724),Braxton Garrett,43658724,P,6500,MIA@HOU 07/22/2026 08:10PM ET,MIA,-1.62
OF,Yordan Alvarez (43658743),Yordan Alvarez,43658743,OF,6500,MIA@HOU 07/22/2026 08:10PM ET,HOU,10.54
RP,Janson Junk (43658745),Janson Junk,43658745,P,6500,MIA@HOU 07/22/2026 08:10PM ET,MIA,10.68
SP,Robby Snelling (43658895),Robby Snelling,43658895,P,6500,MIA@HOU 07/22/2026 08:10PM ET,MIA,3.85
SP,Jameson Taillon (43658646),Jameson Taillon,43658646,P,6400,DET@CHC 07/22/2026 08:10PM ET,CHC,11.13
SP,Colin Rea (43658652),Colin Rea,43658652,P,6400,DET@CHC 07/22/2026 08:10PM ET,CHC,10.52
SP,Javier Assad (43658739),Javier Assad,43658739,P,6400,DET@CHC 07/22/2026 08:10PM ET,CHC,8.90
SP,Edward Cabrera (43658741),Edward Cabrera,43658741,P,6400,DET@CHC 07/22/2026 08:10PM ET,CHC,12.11
SP,Cade Horton (43658840),Cade Horton,43658840,P,6400,DET@CHC 07/22/2026 08:10PM ET,CHC,10.45
SP,Kumar Rocker (43658796),Kumar Rocker,43658796,P,6300,CWS@TEX 07/22/2026 08:05PM ET,TEX,12.35
OF,Pete Crow-Armstrong (43658835),Pete Crow-Armstrong,43658835,OF,6300,DET@CHC 07/22/2026 08:10PM ET,CHC,10.03
SP,Erick Fedde (43658658),Erick Fedde,43658658,P,5800,CWS@TEX 07/22/2026 08:05PM ET,CWS,9.77
RP,Tyler Alexander (43658679),Tyler Alexander,43658679,P,5800,CWS@TEX 07/22/2026 08:05PM ET,TEX,2.60
SP,Cal Quantrill (43658681),Cal Quantrill,43658681,P,5800,CWS@TEX 07/22/2026 08:05PM ET,TEX,5.06
SP,Jordan Montgomery (43658690),Jordan Montgomery,43658690,P,5800,CWS@TEX 07/22/2026 08:05PM ET,TEX,0
RP,Trevor Richards (43658742),Trevor Richards,43658742,P,5800,CWS@TEX 07/22/2026 08:05PM ET,CWS,3.82
RP,Osvaldo Bido (43658748),Osvaldo Bido,43658748,P,5800,CWS@TEX 07/22/2026 08:05PM ET,CWS,2.6
RP,Cody Bradford (43658776),Cody Bradford,43658776,P,5800,CWS@TEX 07/22/2026 08:05PM ET,TEX,0
RP,Mike Vasil (43658829),Mike Vasil,43658829,P,5800,CWS@TEX 07/22/2026 08:05PM ET,CWS,0
RP,Joe Rock (43658832),Joe Rock,43658832,P,5800,CWS@TEX 07/22/2026 08:05PM ET,CWS,6.21
SP,Jose Corniell (43658847),Jose Corniell,43658847,P,5800,CWS@TEX 07/22/2026 08:05PM ET,TEX,-5.62
SP,Leandro Lopez (43658916),Leandro Lopez,43658916,P,5800,CWS@TEX 07/22/2026 08:05PM ET,TEX,0
SP,David Davalillo (43658917),David Davalillo,43658917,P,5800,CWS@TEX 07/22/2026 08:05PM ET,TEX,0
RP,Grant Taylor (43658924),Grant Taylor,43658924,P,5800,CWS@TEX 07/22/2026 08:05PM ET,CWS,5.35
RP,Ty Madden (43658794),Ty Madden,43658794,P,5700,DET@CHC 07/22/2026 08:10PM ET,DET,9.54
RP,Sawyer Gipson-Long (43658811),Sawyer Gipson-Long,43658811,P,5700,DET@CHC 07/22/2026 08:10PM ET,DET,0
1B/3B,Miguel Vargas (43658799),Miguel Vargas,43658799,1B/3B,5600,CWS@TEX 07/22/2026 08:05PM ET,CWS,9.16
SP,Chris Paddack (43658708),Chris Paddack,43658708,P,5500,MIA@HOU 07/22/2026 08:10PM ET,MIA,4.58
RP,Lake Bachar (43658728),Lake Bachar,43658728,P,5500,MIA@HOU 07/22/2026 08:10PM ET,MIA,4.68
RP,Ryan Gusto (43658813),Ryan Gusto,43658813,P,5500,MIA@HOU 07/22/2026 08:10PM ET,MIA,5.87
SP,Bradley Blalock (43658822),Bradley Blalock,43658822,P,5500,MIA@HOU 07/22/2026 08:10PM ET,MIA,0
RP,Dax Fulton (43658839),Dax Fulton,43658839,P,5500,MIA@HOU 07/22/2026 08:10PM ET,MIA,7.62
SP,Adam Mazur (43658897),Adam Mazur,43658897,P,5500,MIA@HOU 07/22/2026 08:10PM ET,MIA,0
SP,David Peterson (43658694),David Peterson,43658694,P,5400,DET@CHC 07/22/2026 08:10PM ET,CHC,8.25
RP,Aaron Civale (43658700),Aaron Civale,43658700,P,5400,DET@CHC 07/22/2026 08:10PM ET,CHC,8.19
RP,Ethan Roberts (43658785),Ethan Roberts,43658785,P,5400,DET@CHC 07/22/2026 08:10PM ET,CHC,1.93
SP,Jordan Wicks (43658858),Jordan Wicks,43658858,P,5400,DET@CHC 07/22/2026 08:10PM ET,CHC,0.66
SP,Marco Gonzales (43669080),Marco Gonzales,43669080,P,5300,CWS@TEX 07/22/2026 08:05PM ET,TEX,8.35
1B,Munetaka Murakami (43658771),Munetaka Murakami,43658771,1B,5200,CWS@TEX 07/22/2026 08:05PM ET,CWS,9.29
OF,Seiya Suzuki (43658675),Seiya Suzuki,43658675,OF,5000,DET@CHC 07/22/2026 08:10PM ET,CHC,8.4
3B/SS,Kevin McGonigle (43658921),Kevin McGonigle,43658921,3B/SS,4800,DET@CHC 07/22/2026 08:10PM ET,DET,8.26
SS,Corey Seager (43658663),Corey Seager,43658663,SS,4700,CWS@TEX 07/22/2026 08:05PM ET,TEX,6.96
3B/SS,Colson Montgomery (43658860),Colson Montgomery,43658860,3B/SS,4700,CWS@TEX 07/22/2026 08:05PM ET,CWS,7.77
C,Dillon Dingler (43658836),Dillon Dingler,43658836,C,4700,DET@CHC 07/22/2026 08:10PM ET,DET,8.60
SS,Otto Lopez (43658766),Otto Lopez,43658766,SS,4600,MIA@HOU 07/22/2026 08:10PM ET,MIA,9.08
OF,Riley Greene (43658808),Riley Greene,43658808,OF,4600,DET@CHC 07/22/2026 08:10PM ET,DET,7.83
OF,Wyatt Langford (43658918),Wyatt Langford,43658918,OF,4500,CWS@TEX 07/22/2026 08:05PM ET,TEX,9.24
SS,Jeremy Pena (43658713),Jeremy Pena,43658713,SS,4500,MIA@HOU 07/22/2026 08:10PM ET,HOU,8.6
1B/C,Liam Hicks (43658875),Liam Hicks,43658875,C/1B,4500,MIA@HOU 07/22/2026 08:10PM ET,MIA,7.89
2B,Gleyber Torres (43658695),Gleyber Torres,43658695,2B,4400,DET@CHC 07/22/2026 08:10PM ET,DET,7.42
OF,Sam Antonacci (43658928),Sam Antonacci,43658928,OF,4300,CWS@TEX 07/22/2026 08:05PM ET,CWS,7.91
1B,Michael Busch (43658805),Michael Busch,43658805,1B,4300,DET@CHC 07/22/2026 08:10PM ET,CHC,7.65
3B,Josh Jung (43658773),Josh Jung,43658773,3B,4200,CWS@TEX 07/22/2026 08:05PM ET,TEX,7.29
2B,Xavier Edwards (43658783),Xavier Edwards,43658783,2B,4200,MIA@HOU 07/22/2026 08:10PM ET,MIA,7.60
SS,Dansby Swanson (43658670),Dansby Swanson,43658670,SS,4200,DET@CHC 07/22/2026 08:10PM ET,CHC,7.79
3B,Alex Bregman (43658671),Alex Bregman,43658671,3B,4100,DET@CHC 07/22/2026 08:10PM ET,CHC,7.07
RP,Chris Martin (43658653),Chris Martin,43658653,P,4000,CWS@TEX 07/22/2026 08:05PM ET,TEX,0.54
RP,Jakob Junis (43658659),Jakob Junis,43658659,P,4000,CWS@TEX 07/22/2026 08:05PM ET,TEX,2.97
RP,Seranthony Dominguez (43658661),Seranthony Dominguez,43658661,P,4000,CWS@TEX 07/22/2026 08:05PM ET,CWS,2.90
RP,Sean Newcomb (43658674),Sean Newcomb,43658674,P,4000,CWS@TEX 07/22/2026 08:05PM ET,CWS,4.50
RP,Jalen Beeks (43658684),Jalen Beeks,43658684,P,4000,CWS@TEX 07/22/2026 08:05PM ET,TEX,2.24
RP,Bryan Hudson (43658705),Bryan Hudson,43658705,P,4000,CWS@TEX 07/22/2026 08:05PM ET,CWS,3.11
RP,Jordan Hicks (43658706),Jordan Hicks,43658706,P,4000,CWS@TEX 07/22/2026 08:05PM ET,CWS,2.59
RP,Tyler Gilbert (43658707),Tyler Gilbert,43658707,P,4000,CWS@TEX 07/22/2026 08:05PM ET,CWS,-1.59
RP,Robert Garcia (43658721),Robert Garcia,43658721,P,4000,CWS@TEX 07/22/2026 08:05PM ET,TEX,1.87
RP,Prelander Berroa (43658767),Prelander Berroa,43658767,P,4000,CWS@TEX 07/22/2026 08:05PM ET,CWS,0
RP,Chris Murphy (43658775),Chris Murphy,43658775,P,4000,CWS@TEX 07/22/2026 08:05PM ET,CWS,2.94
RP,Cole Winn (43658781),Cole Winn,43658781,P,4000,CWS@TEX 07/22/2026 08:05PM ET,TEX,2.57
SP,Ky Bush (43658795),Ky Bush,43658795,P,4000,CWS@TEX 07/22/2026 08:05PM ET,CWS,0
RP,Peyton Gray (43658803),Peyton Gray,43658803,P,4000,CWS@TEX 07/22/2026 08:05PM ET,TEX,4.02
RP,Luis Curvelo (43658804),Luis Curvelo,43658804,P,4000,CWS@TEX 07/22/2026 08:05PM ET,TEX,0.39
RP,Gavin Collyer (43658812),Gavin Collyer,43658812,P,4000,CWS@TEX 07/22/2026 08:05PM ET,TEX,2.16
RP,Ben Peoples (43658817),Ben Peoples,43658817,P,4000,CWS@TEX 07/22/2026 08:05PM ET,TEX,2.54
RP,Robby Ahlstrom (43658824),Robby Ahlstrom,43658824,P,4000,CWS@TEX 07/22/2026 08:05PM ET,TEX,1.53
RP,Carter Baumler (43658841),Carter Baumler,43658841,P,4000,CWS@TEX 07/22/2026 08:05PM ET,TEX,3.54
RP,Wikelman Gonzalez (43658851),Wikelman Gonzalez,43658851,P,4000,CWS@TEX 07/22/2026 08:05PM ET,CWS,0
RP,Emiliano Teodo (43658854),Emiliano Teodo,43658854,P,4000,CWS@TEX 07/22/2026 08:05PM ET,TEX,-1.25
SP,Tanner McDougal (43658871),Tanner McDougal,43658871,P,4000,CWS@TEX 07/22/2026 08:05PM ET,CWS,0
RP,Jordan Leasure (43658878),Jordan Leasure,43658878,P,4000,CWS@TEX 07/22/2026 08:05PM ET,CWS,2.57
RP,Winston Santos (43658881),Winston Santos,43658881,P,4000,CWS@TEX 07/22/2026 08:05PM ET,TEX,0.7
SP,Drew Thorpe (43658898),Drew Thorpe,43658898,P,4000,CWS@TEX 07/22/2026 08:05PM ET,CWS,0
RP,Tyler Schweitzer (43658903),Tyler Schweitzer,43658903,P,4000,CWS@TEX 07/22/2026 08:05PM ET,CWS,3.51
RP,Duncan Davitt (43658914),Duncan Davitt,43658914,P,4000,CWS@TEX 07/22/2026 08:05PM ET,CWS,1.65
C,Kyle Teel (43658919),Kyle Teel,43658919,C,4000,CWS@TEX 07/22/2026 08:05PM ET,CWS,6
RP,Tyler Davis (43658927),Tyler Davis,43658927,P,4000,CWS@TEX 07/22/2026 08:05PM ET,CWS,2.84
RP,Steven Okert (43658651),Steven Okert,43658651,P,4000,MIA@HOU 07/22/2026 08:10PM ET,HOU,3.54
RP,Josh Hader (43658665),Josh Hader,43658665,P,4000,MIA@HOU 07/22/2026 08:10PM ET,HOU,4.72
RP,Michael Petersen (43658666),Michael Petersen,43658666,P,4000,MIA@HOU 07/22/2026 08:10PM ET,MIA,3.62
RP,Pete Fairbanks (43658685),Pete Fairbanks,43658685,P,4000,MIA@HOU 07/22/2026 08:10PM ET,MIA,2.51
RP,Bryan Abreu (43658688),Bryan Abreu,43658688,P,4000,MIA@HOU 07/22/2026 08:10PM ET,HOU,2.56
RP,Enyel De Los Santos (43658714),Enyel De Los Santos,43658714,P,4000,MIA@HOU 07/22/2026 08:10PM ET,HOU,2.67
RP,Bennett Sousa (43658716),Bennett Sousa,43658716,P,4000,MIA@HOU 07/22/2026 08:10PM ET,HOU,1.49
RP,Tyler Zuber (43658717),Tyler Zuber,43658717,P,4000,MIA@HOU 07/22/2026 08:10PM ET,MIA,1.97
RP,Anthony Bender (43658732),Anthony Bender,43658732,P,4000,MIA@HOU 07/22/2026 08:10PM ET,MIA,3.48
RP,Calvin Faucher (43658753),Calvin Faucher,43658753,P,4000,MIA@HOU 07/22/2026 08:10PM ET,MIA,2.45
RP,John King (43658758),John King,43658758,P,4000,MIA@HOU 07/22/2026 08:10PM ET,MIA,3.29
RP,Andrew Nardi (43658764),Andrew Nardi,43658764,P,4000,MIA@HOU 07/22/2026 08:10PM ET,MIA,2.85
RP,Ronny Henriquez (43658782),Ronny Henriquez,43658782,P,4000,MIA@HOU 07/22/2026 08:10PM ET,MIA,0
RP,Bryan King (43658821),Bryan King,43658821,P,4000,MIA@HOU 07/22/2026 08:10PM ET,HOU,2.56
RP,Zach Brzykcy (43658830),Zach Brzykcy,43658830,P,4000,MIA@HOU 07/22/2026 08:10PM ET,MIA,2.88
RP,Alimber Santa (43658884),Alimber Santa,43658884,P,4000,MIA@HOU 07/22/2026 08:10PM ET,HOU,4.01
SP,Miguel Ullola (43658885),Miguel Ullola,43658885,P,4000,MIA@HOU 07/22/2026 08:10PM ET,HOU,10.9
RP,Will Kempner (43658900),Will Kempner,43658900,P,4000,MIA@HOU 07/22/2026 08:10PM ET,MIA,4.82
RP,Josh White (43658901),Josh White,43658901,P,4000,MIA@HOU 07/22/2026 08:10PM ET,MIA,-10.1
RP,Cade Gibson (43658909),Cade Gibson,43658909,P,4000,MIA@HOU 07/22/2026 08:10PM ET,MIA,3.09
RP,Logan VanWey (43658915),Logan VanWey,43658915,P,4000,MIA@HOU 07/22/2026 08:10PM ET,HOU,4.5
RP,Josh Ekness (43658926),Josh Ekness,43658926,P,4000,MIA@HOU 07/22/2026 08:10PM ET,MIA,2.63
RP,Kenley Jansen (43658634),Kenley Jansen,43658634,P,4000,DET@CHC 07/22/2026 08:10PM ET,DET,2.76
RP,Shelby Miller (43658639),Shelby Miller,43658639,P,4000,DET@CHC 07/22/2026 08:10PM ET,CHC,0
RP,Caleb Thielbar (43658641),Caleb Thielbar,43658641,P,4000,DET@CHC 07/22/2026 08:10PM ET,CHC,2.85
RP,Hoby Milner (43658642),Hoby Milner,43658642,P,4000,DET@CHC 07/22/2026 08:10PM ET,CHC,1.70
RP,Burch Smith (43658643),Burch Smith,43658643,P,4000,DET@CHC 07/22/2026 08:10PM ET,DET,3.94
RP,Tyler Beede (43658657),Tyler Beede,43658657,P,4000,DET@CHC 07/22/2026 08:10PM ET,CHC,0
RP,Tyler Ferguson (43658668),Tyler Ferguson,43658668,P,4000,DET@CHC 07/22/2026 08:10PM ET,CHC,2.49
RP,Jacob Waguespack (43658669),Jacob Waguespack,43658669,P,4000,DET@CHC 07/22/2026 08:10PM ET,DET,3.68
RP,Kyle Finnegan (43658672),Kyle Finnegan,43658672,P,4000,DET@CHC 07/22/2026 08:10PM ET,DET,2.67
RP,Hunter Harvey (43658676),Hunter Harvey,43658676,P,4000,DET@CHC 07/22/2026 08:10PM ET,CHC,1.85
OF,Ian Happ (43658683),Ian Happ,43658683,OF,4000,DET@CHC 07/22/2026 08:10PM ET,CHC,7.86
RP,Enmanuel De Jesus (43658686),Enmanuel De Jesus,43658686,P,4000,DET@CHC 07/22/2026 08:10PM ET,DET,4.06
RP,Jacob Webb (43658693),Jacob Webb,43658693,P,4000,DET@CHC 07/22/2026 08:10PM ET,CHC,3.35
RP,Trent Thornton (43658698),Trent Thornton,43658698,P,4000,DET@CHC 07/22/2026 08:10PM ET,CHC,2.53
RP,Phil Maton (43658709),Phil Maton,43658709,P,4000,DET@CHC 07/22/2026 08:10PM ET,CHC,1.72
RP,Tyler Holton (43658719),Tyler Holton,43658719,P,4000,DET@CHC 07/22/2026 08:10PM ET,DET,2.63
RP,Brenan Hanifee (43658727),Brenan Hanifee,43658727,P,4000,DET@CHC 07/22/2026 08:10PM ET,DET,1.30
RP,Ryan Rolison (43658736),Ryan Rolison,43658736,P,4000,DET@CHC 07/22/2026 08:10PM ET,CHC,3.78
RP,Will Vest (43658754),Will Vest,43658754,P,4000,DET@CHC 07/22/2026 08:10PM ET,DET,2.44
RP,Ricky Vanasco (43658759),Ricky Vanasco,43658759,P,4000,DET@CHC 07/22/2026 08:10PM ET,DET,-2.35
RP,Gavin Hollowell (43658772),Gavin Hollowell,43658772,P,4000,DET@CHC 07/22/2026 08:10PM ET,CHC,3.26
RP,Antoine Kelly (43658791),Antoine Kelly,43658791,P,4000,DET@CHC 07/22/2026 08:10PM ET,CHC,0
RP,Brant Hurter (43658807),Brant Hurter,43658807,P,4000,DET@CHC 07/22/2026 08:10PM ET,DET,3.63
RP,Porter Hodge (43658814),Porter Hodge,43658814,P,4000,DET@CHC 07/22/2026 08:10PM ET,CHC,0
RP,Jayden Murray (43658818),Jayden Murray,43658818,P,4000,DET@CHC 07/22/2026 08:10PM ET,CHC,1.04
RP,Beau Brieske (43658820),Beau Brieske,43658820,P,4000,DET@CHC 07/22/2026 08:10PM ET,DET,1.9
RP,Luke Little (43658842),Luke Little,43658842,P,4000,DET@CHC 07/22/2026 08:10PM ET,CHC,1.05
RP,Bailey Horn (43658846),Bailey Horn,43658846,P,4000,DET@CHC 07/22/2026 08:10PM ET,DET,0
RP,Daniel Palencia (43658849),Daniel Palencia,43658849,P,4000,DET@CHC 07/22/2026 08:10PM ET,CHC,3.14
RP,Riley Martin (43658873),Riley Martin,43658873,P,4000,DET@CHC 07/22/2026 08:10PM ET,CHC,3.82
RP,Andre Granillo (43658877),Andre Granillo,43658877,P,4000,DET@CHC 07/22/2026 08:10PM ET,DET,-0.78
SP,Jake Miller (43658908),Jake Miller,43658908,P,4000,DET@CHC 07/22/2026 08:10PM ET,DET,0
RP,Drew Sommers (43658911),Drew Sommers,43658911,P,4000,DET@CHC 07/22/2026 08:10PM ET,DET,1.86
OF,Brandon Nimmo (43658656),Brandon Nimmo,43658656,OF,3900,CWS@TEX 07/22/2026 08:05PM ET,TEX,7.18
2B,Jose Altuve (43658638),Jose Altuve,43658638,2B,3900,MIA@HOU 07/22/2026 08:10PM ET,HOU,6.99
3B,Isaac Paredes (43658740),Isaac Paredes,43658740,3B,3900,MIA@HOU 07/22/2026 08:10PM ET,HOU,7.26
1B,Kyle Stowers (43658774),Kyle Stowers,43658774,1B,3900,MIA@HOU 07/22/2026 08:10PM ET,MIA,7.39
2B,Chase Meidroth (43658904),Chase Meidroth,43658904,2B,3700,CWS@TEX 07/22/2026 08:05PM ET,CWS,6.57
1B,Christian Walker (43658644),Christian Walker,43658644,1B,3700,MIA@HOU 07/22/2026 08:10PM ET,HOU,7.36
OF,Andrew Benintendi (43658682),Andrew Benintendi,43658682,OF,3600,CWS@TEX 07/22/2026 08:05PM ET,CWS,6.22
1B,Jake Burger (43658718),Jake Burger,43658718,1B,3600,CWS@TEX 07/22/2026 08:05PM ET,TEX,7.08
3B/SS,Ezequiel Duran (43658768),Ezequiel Duran,43658768,3B/SS,3600,CWS@TEX 07/22/2026 08:05PM ET,TEX,7.01
C,Yainer Diaz (43658746),Yainer Diaz,43658746,C,3600,MIA@HOU 07/22/2026 08:10PM ET,HOU,6.17
OF,Kerry Carpenter (43658815),Kerry Carpenter,43658815,OF,3600,DET@CHC 07/22/2026 08:10PM ET,DET,5.40
OF,Jakob Marsee (43658905),Jakob Marsee,43658905,OF,3500,MIA@HOU 07/22/2026 08:10PM ET,MIA,6.41
2B,Nico Hoerner (43658750),Nico Hoerner,43658750,2B,3500,DET@CHC 07/22/2026 08:10PM ET,CHC,6.98
3B,Colt Keith (43658845),Colt Keith,43658845,3B,3500,DET@CHC 07/22/2026 08:10PM ET,DET,5.11
2B,Justin Foscue (43658838),Justin Foscue,43658838,2B,3400,CWS@TEX 07/22/2026 08:05PM ET,TEX,4.92
OF,Heriberto Hernandez (43658778),Heriberto Hernandez,43658778,OF,3400,MIA@HOU 07/22/2026 08:10PM ET,MIA,6.69
C,Carson Kelly (43658664),Carson Kelly,43658664,C,3400,DET@CHC 07/22/2026 08:10PM ET,CHC,6.19
1B,Spencer Torkelson (43658777),Spencer Torkelson,43658777,1B,3400,DET@CHC 07/22/2026 08:10PM ET,DET,6.44
OF,Randal Grichuk (43658640),Randal Grichuk,43658640,OF,3300,CWS@TEX 07/22/2026 08:05PM ET,CWS,4.68
OF,Joc Pederson (43658648),Joc Pederson,43658648,OF,3300,CWS@TEX 07/22/2026 08:05PM ET,TEX,6.31
OF,Michael Conforto (43658673),Michael Conforto,43658673,OF,3300,DET@CHC 07/22/2026 08:10PM ET,CHC,4.94
OF,Matt Vierling (43658711),Matt Vierling,43658711,OF,3300,DET@CHC 07/22/2026 08:10PM ET,DET,4.61
C,Drew Romo (43658837),Drew Romo,43658837,C,3200,CWS@TEX 07/22/2026 08:05PM ET,CWS,4.24
OF,Evan Carter (43658844),Evan Carter,43658844,OF,3200,CWS@TEX 07/22/2026 08:05PM ET,TEX,5.57
OF,Griffin Conine (43658712),Griffin Conine,43658712,OF,3200,MIA@HOU 07/22/2026 08:10PM ET,MIA,6.66
OF,Taylor Trammell (43658726),Taylor Trammell,43658726,OF,3200,MIA@HOU 07/22/2026 08:10PM ET,HOU,4.26
3B/SS,Shay Whitcomb (43658827),Shay Whitcomb,43658827,3B/SS,3200,MIA@HOU 07/22/2026 08:10PM ET,HOU,2.29
1B/3B,Connor Norby (43658863),Connor Norby,43658863,1B/3B,3200,MIA@HOU 07/22/2026 08:10PM ET,MIA,5.15
2B/3B,Pedro Ramirez (43658887),Pedro Ramirez,43658887,2B/3B,3200,DET@CHC 07/22/2026 08:10PM ET,CHC,4.8
OF,Everson Pereira (43658801),Everson Pereira,43658801,OF,3100,CWS@TEX 07/22/2026 08:05PM ET,CWS,5.90
OF,Braden Montgomery (43658865),Braden Montgomery,43658865,OF,3100,CWS@TEX 07/22/2026 08:05PM ET,CWS,6.82
OF,Tristan Peters (43658874),Tristan Peters,43658874,OF,3000,CWS@TEX 07/22/2026 08:05PM ET,CWS,5.74
1B/OF,LaMonte Wade Jr. (43658696),LaMonte Wade Jr.,43658696,1B/OF,3000,MIA@HOU 07/22/2026 08:10PM ET,HOU,6.13
OF,Esteury Ruiz (43658722),Esteury Ruiz,43658722,OF,3000,MIA@HOU 07/22/2026 08:10PM ET,MIA,5.5
OF,Jake Meyers (43658755),Jake Meyers,43658755,OF,3000,MIA@HOU 07/22/2026 08:10PM ET,HOU,3.67
OF,Owen Caissie (43658843),Owen Caissie,43658843,OF,3000,MIA@HOU 07/22/2026 08:10PM ET,MIA,6.08
C,Agustin Ramirez (43658855),Agustin Ramirez,43658855,C,3000,MIA@HOU 07/22/2026 08:10PM ET,MIA,6.71
OF/SS,Javier Baez (43658654),Javier Baez,43658654,SS/OF,3000,DET@CHC 07/22/2026 08:10PM ET,DET,5.29
C,Miguel Amaya (43658723),Miguel Amaya,43658723,C,3000,DET@CHC 07/22/2026 08:10PM ET,CHC,4.91
OF,Wenceel Perez (43658747),Wenceel Perez,43658747,OF,3000,DET@CHC 07/22/2026 08:10PM ET,DET,5.09
C,Moises Ballesteros (43658886),Moises Ballesteros,43658886,C,3000,DET@CHC 07/22/2026 08:10PM ET,CHC,4.73
C,Elias Diaz (43658645),Elias Diaz,43658645,C,2900,CWS@TEX 07/22/2026 08:05PM ET,TEX,4.34
OF,Austin Hays (43658701),Austin Hays,43658701,OF,2900,CWS@TEX 07/22/2026 08:05PM ET,CWS,5.08
C,Joe Mack (43658859),Joe Mack,43658859,C,2900,MIA@HOU 07/22/2026 08:10PM ET,MIA,5.76
OF,Cam Smith (43658899),Cam Smith,43658899,OF,2900,MIA@HOU 07/22/2026 08:10PM ET,HOU,5.87
C,Eduardo Valencia (43658797),Eduardo Valencia,43658797,C,2900,DET@CHC 07/22/2026 08:10PM ET,DET,7.17
SS,Luisangel Acuna (43658831),Luisangel Acuna,43658831,SS,2800,CWS@TEX 07/22/2026 08:05PM ET,CWS,3.92
C,Brian Navarreto (43658677),Brian Navarreto,43658677,C,2800,MIA@HOU 07/22/2026 08:10PM ET,MIA,2
3B/SS,Javier Sanoja (43658889),Javier Sanoja,43658889,3B/SS,2800,MIA@HOU 07/22/2026 08:10PM ET,MIA,5.26
OF,Parker Meadows (43658784),Parker Meadows,43658784,OF,2800,DET@CHC 07/22/2026 08:10PM ET,DET,5.42
C,Danny Jansen (43658678),Danny Jansen,43658678,C,2700,CWS@TEX 07/22/2026 08:05PM ET,TEX,4.58
2B/SS,Nicky Lopez (43658730),Nicky Lopez,43658730,2B/SS,2700,CWS@TEX 07/22/2026 08:05PM ET,TEX,4.83
OF,Alejandro Osuna (43658852),Alejandro Osuna,43658852,OF,2700,CWS@TEX 07/22/2026 08:05PM ET,TEX,4.81
C,Christian Vazquez (43658636),Christian Vazquez,43658636,C,2700,MIA@HOU 07/22/2026 08:10PM ET,HOU,4.42
OF,Joey Loperfido (43658883),Joey Loperfido,43658883,OF,2700,MIA@HOU 07/22/2026 08:10PM ET,HOU,4.41
2B/3B,Gage Workman (43658756),Gage Workman,43658756,2B/3B,2700,DET@CHC 07/22/2026 08:10PM ET,DET,3.38
OF,Matt Shaw (43658920),Matt Shaw,43658920,OF,2700,DET@CHC 07/22/2026 08:10PM ET,CHC,4.93
C,Kyle Higashioka (43658635),Kyle Higashioka,43658635,C,2600,CWS@TEX 07/22/2026 08:05PM ET,TEX,4.88
C,Edgar Quero (43658856),Edgar Quero,43658856,C,2600,CWS@TEX 07/22/2026 08:05PM ET,CWS,3.44
3B,Graham Pauley (43658912),Graham Pauley,43658912,3B,2600,MIA@HOU 07/22/2026 08:10PM ET,MIA,3.32
OF,Zach Dezenzo (43658913),Zach Dezenzo,43658913,OF,2600,MIA@HOU 07/22/2026 08:10PM ET,HOU,3.57
2B,Josh Smith (43658737),Josh Smith,43658737,2B,2500,CWS@TEX 07/22/2026 08:05PM ET,TEX,4.35
OF,Junior Perez (43658779),Junior Perez,43658779,OF,2500,CWS@TEX 07/22/2026 08:05PM ET,CWS,2.25
SS,Nick Allen (43658752),Nick Allen,43658752,SS,2500,MIA@HOU 07/22/2026 08:10PM ET,HOU,3.02
3B,Leo Jimenez (43658798),Leo Jimenez,43658798,3B,2500,MIA@HOU 07/22/2026 08:10PM ET,MIA,3.96
2B/SS,Zach McKinstry (43658734),Zach McKinstry,43658734,2B/SS,2500,DET@CHC 07/22/2026 08:10PM ET,DET,4.22
OF,James Outman (43658788),James Outman,43658788,OF,2500,DET@CHC 07/22/2026 08:10PM ET,DET,2.80
SS,Trey Sweeney (43658862),Trey Sweeney,43658862,SS,2500,DET@CHC 07/22/2026 08:10PM ET,DET,0
OF,Zach Cole (43658910),Zach Cole,43658910,OF,2400,MIA@HOU 07/22/2026 08:10PM ET,HOU,3.95
OF,Dylan Carlson (43658725),Dylan Carlson,43658725,OF,2400,DET@CHC 07/22/2026 08:10PM ET,CHC,0.67
OF,Brooks Baldwin (43658879),Brooks Baldwin,43658879,OF,2300,CWS@TEX 07/22/2026 08:05PM ET,CWS,0
OF,Lucas Spence (43658929),Lucas Spence,43658929,OF,2300,MIA@HOU 07/22/2026 08:10PM ET,HOU,4.8
C,Jake Rogers (43658702),Jake Rogers,43658702,C,2300,DET@CHC 07/22/2026 08:10PM ET,DET,4.23
2B,Hao-Yu Lee (43658850),Hao-Yu Lee,43658850,2B,2300,DET@CHC 07/22/2026 08:10PM ET,DET,4.27
OF,Rece Hinds (43658809),Rece Hinds,43658809,OF,2200,MIA@HOU 07/22/2026 08:10PM ET,MIA,2.77
C,Austin Wynns (43669079),Austin Wynns,43669079,C,2100,CWS@TEX 07/22/2026 08:05PM ET,TEX,1.14
OF,Kevin Alcantara (43658823),Kevin Alcantara,43658823,OF,2100,DET@CHC 07/22/2026 08:10PM ET,CHC,1.37
OF,Dairon Blanco (43658770),Dairon Blanco,43658770,OF,2000,CWS@TEX 07/22/2026 08:05PM ET,TEX,0
OF,Michael Helman (43658790),Michael Helman,43658790,OF,2000,CWS@TEX 07/22/2026 08:05PM ET,TEX,2.53
2B,Cody Freeman (43658810),Cody Freeman,43658810,2B,2000,CWS@TEX 07/22/2026 08:05PM ET,TEX,2.29
3B/OF,Tanner Murray (43658825),Tanner Murray,43658825,3B/OF,2000,CWS@TEX 07/22/2026 08:05PM ET,CWS,3.15
OF,Cam Cauley (43658867),Cam Cauley,43658867,OF,2000,CWS@TEX 07/22/2026 08:05PM ET,TEX,3.93
OF,Rikuu Nishida (43658925),Rikuu Nishida,43658925,OF,2000,CWS@TEX 07/22/2026 08:05PM ET,CWS,2.58
SS,Carlos Correa (43658662),Carlos Correa,43658662,SS,2000,MIA@HOU 07/22/2026 08:10PM ET,HOU,8
OF,Daniel Johnson (43658729),Daniel Johnson,43658729,OF,2000,MIA@HOU 07/22/2026 08:10PM ET,HOU,1.75
2B/3B,Raynel Delgado (43658786),Raynel Delgado,43658786,2B/3B,2000,MIA@HOU 07/22/2026 08:10PM ET,HOU,3.18
2B/3B,Maximo Acosta (43658833),Maximo Acosta,43658833,2B/3B,2000,MIA@HOU 07/22/2026 08:10PM ET,MIA,0
1B,Deyvison De Los Santos (43658853),Deyvison De Los Santos,43658853,1B,2000,MIA@HOU 07/22/2026 08:10PM ET,MIA,2.67
SS,Jared Serna (43658892),Jared Serna,43658892,SS,2000,MIA@HOU 07/22/2026 08:10PM ET,MIA,0
C,Collin Price (43658906),Collin Price,43658906,C,2000,MIA@HOU 07/22/2026 08:10PM ET,HOU,1.71
OF,Brice Matthews (43658923),Brice Matthews,43658923,OF,2000,MIA@HOU 07/22/2026 08:10PM ET,HOU,3.99
1B/OF,Tyler Austin (43658649),Tyler Austin,43658649,1B/OF,2000,DET@CHC 07/22/2026 08:10PM ET,CHC,0
OF,Trei Cruz (43658763),Trei Cruz,43658763,OF,2000,DET@CHC 07/22/2026 08:10PM ET,DET,0
OF,Justin Dean (43658793),Justin Dean,43658793,OF,2000,DET@CHC 07/22/2026 08:10PM ET,CHC,2.25
2B,James Triantos (43658869),James Triantos,43658869,2B,2000,DET@CHC 07/22/2026 08:10PM ET,CHC,0
OF,Ben Malgeri (43658880),Ben Malgeri,43658880,OF,2000,DET@CHC 07/22/2026 08:10PM ET,DET,3.2
C,Thayron Liranzo (43658893),Thayron Liranzo,43658893,C,2000,DET@CHC 07/22/2026 08:10PM ET,DET,0
3B,Jace Jung (43658894),Jace Jung,43658894,3B,2000,DET@CHC 07/22/2026 08:10PM ET,DET,3
