"last_name, first_name","player_id","year","pa","bip","ba","est_ba","est_ba_minus_ba_diff","slg","est_slg","est_slg_minus_slg_diff","woba","est_woba","est_woba_minus_woba_diff"
"Wood, James","695578","2026","535","288",0.265,0.275,-0.010000000000000009,0.535,0.585,-0.04999999999999993,0.395,0.419,-0.023999999999999966
"Bregman, Alex","608324","2026","526","377",0.246,0.241,0.0050000000000000044,0.379,0.357,0.02200000000000002,0.319,0.309,0.010000000000000009
"Henderson, Gunnar","683002","2026","526","352",0.215,0.235,-0.01999999999999999,0.387,0.386,0.0010000000000000009,0.3,0.309,-0.009000000000000008
"Busch, Michael","683737","2026","526","330",0.244,0.235,0.009000000000000008,0.391,0.407,-0.01599999999999996,0.334,0.336,-0.0020000000000000018
"Ward, Taylor","621493","2026","524","323",0.243,0.246,-0.0030000000000000027,0.339,0.369,-0.02999999999999997,0.329,0.34,-0.01100000000000001
"Crow-Armstrong, Pete","691718","2026","521","307",0.287,0.256,0.030999999999999972,0.545,0.472,0.07300000000000006,0.399,0.365,0.03400000000000003
"Reynolds, Bryan","668804","2026","519","312",0.268,0.248,0.020000000000000018,0.442,0.433,0.009000000000000008,0.362,0.352,0.010000000000000009
"Herrera, Iván","671056","2026","516","347",0.244,0.248,-0.0040000000000000036,0.386,0.377,0.009000000000000008,0.332,0.332,0
"Tatis Jr., Fernando","665487","2026","513","362",0.281,0.285,-0.003999999999999948,0.409,0.447,-0.038000000000000034,0.333,0.356,-0.022999999999999965
"Alvarez, Yordan","670541","2026","512","336",0.325,0.333,-0.008000000000000007,0.632,0.693,-0.06099999999999994,0.443,0.467,-0.02400000000000002
"Olson, Matt","621566","2026","512","331",0.267,0.249,0.018000000000000016,0.548,0.519,0.029000000000000026,0.379,0.363,0.016000000000000014
"Hoerner, Nico","663538","2026","511","422",0.257,0.296,-0.03899999999999998,0.359,0.373,-0.014000000000000012,0.301,0.323,-0.02200000000000002
"McGonigle, Kevin","805808","2026","510","365",0.287,0.263,0.023999999999999966,0.431,0.426,0.0050000000000000044,0.366,0.353,0.013000000000000012
"Turner, Trea","607208","2026","510","368",0.251,0.253,-0.0020000000000000018,0.405,0.382,0.02300000000000002,0.307,0.302,0.0050000000000000044
"Neto, Zach","687263","2026","510","289",0.226,0.2,0.025999999999999995,0.418,0.394,0.023999999999999966,0.32,0.301,0.019000000000000017
"Caminero, Junior","691406","2026","506","348",0.28,0.276,0.0040000000000000036,0.551,0.517,0.03400000000000003,0.39,0.376,0.014000000000000012
"Alonso, Pete","624413","2026","506","316",0.247,0.273,-0.026000000000000023,0.454,0.518,-0.064,0.345,0.378,-0.03300000000000003
"Bichette, Bo","666182","2026","505","379",0.255,0.275,-0.020000000000000018,0.367,0.405,-0.038000000000000034,0.293,0.317,-0.02400000000000002
"Vargas, Miguel","678246","2026","504","340",0.234,0.262,-0.027999999999999997,0.466,0.51,-0.043999999999999984,0.349,0.38,-0.031000000000000028
"Turang, Brice","668930","2026","503","316",0.273,0.259,0.014000000000000012,0.46,0.441,0.019000000000000017,0.359,0.347,0.01200000000000001
"Wetherholt, JJ","802139","2026","502","356",0.246,0.257,-0.01100000000000001,0.383,0.434,-0.05099999999999999,0.328,0.351,-0.022999999999999965
"Albies, Ozzie","645277","2026","502","391",0.259,0.234,0.024999999999999994,0.434,0.361,0.07300000000000001,0.321,0.285,0.03600000000000003
"Stewart, Sal","701398","2026","502","337",0.255,0.248,0.007000000000000006,0.477,0.471,0.006000000000000005,0.347,0.347,0
"Pages, Andy","681624","2026","500","353",0.27,0.268,0.0020000000000000018,0.458,0.438,0.020000000000000018,0.344,0.338,0.00599999999999995
"Harper, Bryce","547180","2026","499","319",0.257,0.276,-0.019000000000000017,0.504,0.513,-0.009000000000000008,0.372,0.389,-0.017000000000000015
"Schwarber, Kyle","656941","2026","496","244",0.244,0.235,0.009000000000000008,0.519,0.481,0.038000000000000034,0.379,0.363,0.016000000000000014
"Marte, Ketel","606466","2026","496","378",0.244,0.277,-0.03300000000000003,0.433,0.462,-0.029000000000000026,0.319,0.346,-0.02699999999999997
"Devers, Rafael","646240","2026","495","315",0.247,0.235,0.01200000000000001,0.475,0.448,0.02699999999999997,0.34,0.327,0.013000000000000012
"Carroll, Corbin","682998","2026","495","321",0.242,0.249,-0.007000000000000006,0.469,0.441,0.02799999999999997,0.348,0.343,0.004999999999999949
"Perdomo, Geraldo","672695","2026","494","357",0.244,0.249,-0.0050000000000000044,0.377,0.342,0.034999999999999976,0.33,0.327,0.0030000000000000027
"Lopez, Otto","672640","2026","494","401",0.317,0.285,0.03200000000000003,0.47,0.428,0.04199999999999998,0.354,0.327,0.02699999999999997
"Abrams, CJ","682928","2026","493","327",0.288,0.26,0.02799999999999997,0.548,0.46,0.08800000000000002,0.387,0.348,0.039000000000000035
"Edwards, Xavier","669364","2026","493","372",0.287,0.267,0.019999999999999962,0.394,0.372,0.02200000000000002,0.336,0.32,0.016000000000000014
"Aranda, Jonathan","666018","2026","492","316",0.287,0.264,0.022999999999999965,0.438,0.452,-0.014000000000000012,0.356,0.355,0.0010000000000000009
"Ohtani, Shohei","660271","2026","492","304",0.294,0.297,-0.0030000000000000027,0.547,0.574,-0.026999999999999913,0.396,0.41,-0.013999999999999957
"Abreu, Wilyer","677800","2026","492","338",0.256,0.26,-0.0040000000000000036,0.462,0.487,-0.024999999999999967,0.341,0.352,-0.010999999999999954
"Burleson, Alec","676475","2026","491","365",0.283,0.295,-0.01200000000000001,0.473,0.533,-0.06000000000000005,0.354,0.381,-0.027000000000000024
"Díaz, Yandy","650490","2026","490","365",0.293,0.281,0.011999999999999955,0.447,0.437,0.010000000000000009,0.354,0.35,0.0040000000000000036
"Freeman, Freddie","518692","2026","489","357",0.304,0.3,0.0040000000000000036,0.476,0.493,-0.017000000000000015,0.372,0.379,-0.007000000000000006
"Lowe, Brandon","664040","2026","489","306",0.255,0.244,0.01100000000000001,0.489,0.446,0.04299999999999998,0.347,0.332,0.014999999999999958
"Machado, Manny","592518","2026","488","324",0.212,0.24,-0.027999999999999997,0.421,0.431,-0.010000000000000009,0.311,0.329,-0.018000000000000016
"Arraez, Luis","650333","2026","487","435",0.324,0.286,0.038000000000000034,0.447,0.376,0.07100000000000001,0.347,0.305,0.04199999999999998
"Greene, Riley","682985","2026","487","293",0.275,0.26,0.015000000000000013,0.455,0.482,-0.02699999999999997,0.358,0.364,-0.006000000000000005
"Happ, Ian","664023","2026","485","264",0.212,0.199,0.012999999999999984,0.411,0.393,0.01799999999999996,0.322,0.31,0.01200000000000001
"Walker, Jordan","691023","2026","484","325",0.283,0.276,0.006999999999999951,0.492,0.485,0.007000000000000006,0.359,0.354,0.0050000000000000044
"Lile, Daylen","695734","2026","484","358",0.244,0.25,-0.006000000000000005,0.419,0.412,0.007000000000000006,0.31,0.312,-0.0020000000000000018
"Merrill, Jackson","701538","2026","483","334",0.242,0.254,-0.01200000000000001,0.405,0.451,-0.045999999999999985,0.303,0.324,-0.02100000000000002
"Rice, Ben","700250","2026","479","298",0.26,0.265,-0.0050000000000000044,0.55,0.51,0.040000000000000036,0.383,0.374,0.009000000000000008
"Adell, Jo","666176","2026","479","330",0.235,0.256,-0.02100000000000002,0.389,0.441,-0.05199999999999999,0.298,0.326,-0.028000000000000025
"Meidroth, Chase","805367","2026","475","316",0.274,0.236,0.038000000000000034,0.404,0.338,0.066,0.335,0.297,0.038000000000000034
"Young, Cole","702284","2026","473","356",0.263,0.277,-0.014000000000000012,0.409,0.417,-0.008000000000000007,0.322,0.33,-0.008000000000000007
"Walker, Christian","572233","2026","473","311",0.242,0.228,0.013999999999999985,0.46,0.391,0.069,0.339,0.308,0.031000000000000028
"Paredes, Isaac","670623","2026","472","342",0.253,0.247,0.006000000000000005,0.418,0.374,0.043999999999999984,0.339,0.322,0.017000000000000015
"Naylor, Josh","647304","2026","470","369",0.262,0.272,-0.010000000000000009,0.372,0.395,-0.02300000000000002,0.31,0.322,-0.01200000000000001
"Arozarena, Randy","668227","2026","470","310",0.279,0.268,0.01100000000000001,0.447,0.429,0.018000000000000016,0.362,0.353,0.009000000000000008
"Okamoto, Kazuma","672960","2026","470","278",0.225,0.208,0.017000000000000015,0.43,0.409,0.02100000000000002,0.318,0.304,0.014000000000000012
"Adames, Willy","642715","2026","469","302",0.222,0.217,0.0050000000000000044,0.413,0.38,0.032999999999999974,0.302,0.289,0.013000000000000012
"Nimmo, Brandon","607043","2026","469","324",0.274,0.291,-0.01699999999999996,0.442,0.496,-0.05399999999999999,0.342,0.369,-0.02699999999999997
"Riley, Austin","663586","2026","468","276",0.222,0.21,0.01200000000000001,0.368,0.386,-0.018000000000000016,0.296,0.297,-0.0010000000000000009
"Gonzales, Nick","693304","2026","467","351",0.309,0.282,0.027000000000000024,0.402,0.385,0.017000000000000015,0.34,0.32,0.020000000000000018
"Clement, Ernie","676391","2026","466","403",0.285,0.251,0.033999999999999975,0.411,0.335,0.07599999999999996,0.313,0.269,0.043999999999999984
"Rafaela, Ceddanne","678882","2026","466","345",0.288,0.248,0.03999999999999998,0.468,0.362,0.10600000000000004,0.345,0.287,0.057999999999999996
"Montgomery, Colson","695657","2026","465","264",0.214,0.211,0.0030000000000000027,0.439,0.412,0.027000000000000024,0.317,0.305,0.01200000000000001
"Duran, Jarren","680776","2026","464","296",0.202,0.233,-0.031,0.357,0.383,-0.026000000000000023,0.268,0.297,-0.02899999999999997
"Contreras, William","661388","2026","463","355",0.267,0.262,0.0050000000000000044,0.393,0.433,-0.03999999999999998,0.318,0.329,-0.01100000000000001
"Rodríguez, Julio","677594","2026","462","328",0.26,0.279,-0.019000000000000017,0.427,0.473,-0.045999999999999985,0.327,0.352,-0.024999999999999967
"Guerrero Jr., Vladimir","665489","2026","461","348",0.262,0.285,-0.022999999999999965,0.358,0.405,-0.04700000000000004,0.31,0.338,-0.028000000000000025
"Benge, Carson","701807","2026","461","322",0.27,0.284,-0.013999999999999957,0.412,0.444,-0.03200000000000003,0.327,0.343,-0.016000000000000014
"Bohm, Alec","664761","2026","460","358",0.224,0.248,-0.023999999999999994,0.358,0.379,-0.02100000000000002,0.283,0.304,-0.02100000000000002
"Torkelson, Spencer","679529","2026","460","263",0.224,0.221,0.0030000000000000027,0.421,0.415,0.006000000000000005,0.323,0.319,0.0040000000000000036
"Rumfield, TJ","681198","2026","459","341",0.299,0.259,0.03999999999999998,0.464,0.383,0.08100000000000002,0.369,0.324,0.044999999999999984
"Dingler, Dillon","693307","2026","458","315",0.275,0.287,-0.011999999999999955,0.53,0.517,0.013000000000000012,0.373,0.375,-0.0020000000000000018
"Perez, Salvador","521692","2026","457","335",0.216,0.228,-0.01200000000000001,0.374,0.41,-0.035999999999999976,0.276,0.298,-0.021999999999999964
"Dubón, Mauricio","643289","2026","456","363",0.268,0.272,-0.0040000000000000036,0.404,0.387,0.017000000000000015,0.316,0.312,0.0040000000000000036
"Bell, Josh","605137","2026","455","320",0.253,0.248,0.0050000000000000044,0.424,0.438,-0.014000000000000012,0.323,0.325,-0.0020000000000000018
"Tucker, Kyle","663656","2026","453","309",0.244,0.262,-0.018000000000000016,0.385,0.397,-0.01200000000000001,0.324,0.337,-0.013000000000000012
"Rocchio, Brayan","677587","2026","448","344",0.254,0.245,0.009000000000000008,0.374,0.348,0.026000000000000023,0.309,0.295,0.014000000000000012
"Lee, Brooks","686797","2026","448","340",0.238,0.22,0.017999999999999988,0.41,0.321,0.08899999999999997,0.308,0.268,0.03999999999999998
"Burger, Jake","669394","2026","447","291",0.237,0.227,0.009999999999999981,0.417,0.392,0.024999999999999967,0.311,0.296,0.015000000000000013
"Bogaerts, Xander","593428","2026","446","309",0.223,0.247,-0.023999999999999994,0.321,0.37,-0.04899999999999999,0.291,0.319,-0.028000000000000025
"Marsee, Jakob","805300","2026","446","282",0.204,0.22,-0.016000000000000014,0.311,0.315,-0.0040000000000000036,0.294,0.303,-0.009000000000000008
"Goodman, Hunter","696100","2026","445","253",0.252,0.227,0.024999999999999994,0.539,0.455,0.08400000000000002,0.363,0.323,0.03999999999999998
"Marsh, Brandon","669016","2026","444","305",0.275,0.263,0.01200000000000001,0.442,0.424,0.018000000000000016,0.326,0.313,0.013000000000000012
"Winn, Masyn","691026","2026","444","308",0.239,0.252,-0.013000000000000012,0.319,0.327,-0.008000000000000007,0.288,0.302,-0.014000000000000012
"Harris II, Michael","671739","2026","444","341",0.291,0.295,-0.0040000000000000036,0.495,0.495,0,0.35,0.353,-0.0030000000000000027
"Suzuki, Seiya","673548","2026","443","274",0.269,0.246,0.02300000000000002,0.47,0.417,0.05299999999999999,0.36,0.332,0.02799999999999997
"Kwan, Steven","680757","2026","440","334",0.263,0.275,-0.01200000000000001,0.328,0.337,-0.009000000000000008,0.317,0.324,-0.007000000000000006
"Trout, Mike","545361","2026","438","242",0.238,0.256,-0.018000000000000016,0.445,0.511,-0.066,0.362,0.39,-0.028000000000000025
"Swanson, Dansby","621020","2026","438","293",0.213,0.219,-0.006000000000000005,0.398,0.38,0.018000000000000016,0.302,0.298,0.0040000000000000036
"Jensen, Carter","695600","2026","436","263",0.227,0.202,0.024999999999999994,0.419,0.358,0.061,0.314,0.283,0.031000000000000028
"Simpson, Chandler","802415","2026","435","376",0.298,0.257,0.04099999999999998,0.355,0.295,0.06,0.301,0.264,0.03699999999999998
"Soderstrom, Tyler","691016","2026","435","296",0.245,0.252,-0.007000000000000006,0.472,0.42,0.05199999999999999,0.35,0.335,0.014999999999999958
"Witt Jr., Bobby","677951","2026","435","317",0.286,0.307,-0.02100000000000002,0.454,0.517,-0.063,0.351,0.386,-0.03500000000000003
"De La Cruz, Elly","682829","2026","435","269",0.274,0.274,0,0.504,0.487,0.017000000000000015,0.372,0.368,0.0040000000000000036
"Contreras, Willson","575929","2026","435","258",0.287,0.266,0.020999999999999963,0.536,0.508,0.028000000000000025,0.4,0.387,0.013000000000000012
"Kurtz, Nick","701762","2026","434","211",0.256,0.243,0.013000000000000012,0.483,0.482,0.0010000000000000009,0.38,0.373,0.007000000000000006
"Stott, Bryson","681082","2026","434","316",0.261,0.272,-0.01100000000000001,0.419,0.413,0.006000000000000005,0.33,0.333,-0.0030000000000000027
"Bellinger, Cody","641355","2026","434","309",0.259,0.277,-0.018000000000000016,0.42,0.419,0.0010000000000000009,0.339,0.35,-0.010999999999999954
"Lee, Jung Hoo","808982","2026","433","366",0.301,0.292,0.009000000000000008,0.444,0.38,0.064,0.34,0.314,0.026000000000000023
"Arenado, Nolan","571448","2026","430","294",0.241,0.233,0.00799999999999998,0.428,0.359,0.069,0.327,0.299,0.028000000000000025
"Keaschall, Luke","807712","2026","428","308",0.265,0.239,0.026000000000000023,0.363,0.346,0.017000000000000015,0.324,0.306,0.018000000000000016
"Chisholm Jr., Jazz","665862","2026","427","251",0.215,0.209,0.006000000000000005,0.396,0.366,0.030000000000000027,0.3,0.288,0.01200000000000001
"Smith, Cam","701358","2026","427","280",0.22,0.246,-0.025999999999999995,0.388,0.436,-0.04799999999999999,0.3,0.329,-0.029000000000000026
"Hicks, Liam","689414","2026","425","334",0.281,0.25,0.031000000000000028,0.437,0.349,0.08800000000000002,0.352,0.313,0.03899999999999998
"DeLauter, Chase","800050","2026","424","318",0.279,0.275,0.0040000000000000036,0.436,0.428,0.008000000000000007,0.347,0.346,0.0010000000000000009
"Caglianone, Jac","695506","2026","422","279",0.264,0.278,-0.014000000000000012,0.482,0.513,-0.031000000000000028,0.345,0.362,-0.017000000000000015
"Baldwin, Drake","686948","2026","419","280",0.272,0.282,-0.009999999999999953,0.455,0.509,-0.05399999999999999,0.357,0.38,-0.02300000000000002
"Langeliers, Shea","669127","2026","416","281",0.263,0.268,-0.0050000000000000044,0.497,0.513,-0.016000000000000014,0.357,0.363,-0.006000000000000005
"Clemens, Kody","665019","2026","415","293",0.231,0.246,-0.014999999999999986,0.459,0.435,0.02400000000000002,0.319,0.321,-0.0020000000000000018
"Durbin, Caleb","702332","2026","413","319",0.251,0.236,0.015000000000000013,0.407,0.324,0.08299999999999996,0.321,0.288,0.03300000000000003
"Bauers, Jake","641343","2026","412","245",0.268,0.258,0.010000000000000009,0.496,0.475,0.02100000000000002,0.375,0.366,0.009000000000000008
"Schmitt, Casey","669477","2026","409","310",0.271,0.288,-0.01699999999999996,0.483,0.512,-0.029000000000000026,0.335,0.355,-0.019999999999999962
"Duran, Ezequiel","677649","2026","409","281",0.275,0.253,0.02200000000000002,0.456,0.385,0.07100000000000001,0.339,0.308,0.031000000000000028
"Muncy, Max","571970","2026","405","251",0.249,0.238,0.01100000000000001,0.486,0.468,0.01799999999999996,0.358,0.346,0.01200000000000001
"Schanuel, Nolan","694384","2026","404","308",0.273,0.281,-0.008000000000000007,0.39,0.387,0.0030000000000000027,0.326,0.33,-0.0040000000000000036
"Altuve, Jose","514888","2026","400","285",0.245,0.226,0.01899999999999999,0.398,0.337,0.061,0.31,0.28,0.02999999999999997
"O'Hearn, Ryan","656811","2026","398","276",0.27,0.254,0.016000000000000014,0.454,0.41,0.04400000000000004,0.343,0.321,0.02200000000000002
"Tovar, Ezequiel","678662","2026","397","271",0.206,0.219,-0.013000000000000012,0.332,0.358,-0.025999999999999968,0.257,0.273,-0.016000000000000014
"Jung, Josh","673962","2026","396","286",0.294,0.286,0.008000000000000007,0.441,0.432,0.009000000000000008,0.352,0.347,0.0050000000000000044
"Stowers, Kyle","669065","2026","395","227",0.239,0.233,0.005999999999999978,0.455,0.434,0.02100000000000002,0.338,0.33,0.008000000000000007
"McCarthy, Jake","664983","2026","394","304",0.305,0.272,0.032999999999999974,0.516,0.409,0.10700000000000004,0.367,0.317,0.04999999999999999
"Mitchell, Garrett","669003","2026","392","217",0.254,0.256,-0.0020000000000000018,0.413,0.444,-0.031000000000000028,0.338,0.35,-0.011999999999999955
"García Jr., Luis","671277","2026","391","312",0.282,0.289,-0.007000000000000006,0.556,0.507,0.049000000000000044,0.37,0.355,0.015000000000000013
"Castro, Willi","650489","2026","391","247",0.263,0.231,0.032,0.425,0.392,0.032999999999999974,0.333,0.307,0.026000000000000023
"Collins, Isaac","686555","2026","390","253",0.239,0.235,0.0040000000000000036,0.367,0.332,0.034999999999999976,0.317,0.306,0.01100000000000001
"Nuñez, Nasim","683083","2026","388","264",0.229,0.221,0.008000000000000007,0.268,0.269,-0.0010000000000000009,0.272,0.27,0.0020000000000000018
"Varsho, Daulton","662139","2026","387","277",0.236,0.236,0,0.362,0.355,0.007000000000000006,0.295,0.291,0.0040000000000000036
"Semien, Marcus","543760","2026","387","273",0.213,0.247,-0.034,0.364,0.401,-0.03700000000000003,0.28,0.308,-0.02799999999999997
"Grisham, Trent","663757","2026","386","271",0.21,0.244,-0.034,0.377,0.425,-0.04799999999999999,0.304,0.335,-0.031000000000000028
"Karros, Kyle","691720","2026","385","253",0.267,0.256,0.01100000000000001,0.422,0.398,0.023999999999999966,0.348,0.339,0.008999999999999952
"Steer, Spencer","668715","2026","384","256",0.238,0.246,-0.008000000000000007,0.421,0.452,-0.031000000000000028,0.325,0.342,-0.017000000000000015
"Mullins, Cedric","656775","2026","383","264",0.206,0.18,0.025999999999999995,0.358,0.297,0.061,0.285,0.251,0.033999999999999975
"Antonacci, Sam","803011","2026","382","278",0.274,0.284,-0.009999999999999953,0.404,0.416,-0.011999999999999955,0.343,0.35,-0.006999999999999951
"Springer, George","543807","2026","378","265",0.234,0.23,0.0040000000000000036,0.396,0.377,0.019000000000000017,0.316,0.307,0.009000000000000008
"Giménez, Andrés","665926","2026","378","284",0.239,0.231,0.00799999999999998,0.365,0.322,0.04299999999999998,0.283,0.268,0.014999999999999958
"Chourio, Jackson","694192","2026","376","253",0.274,0.255,0.019000000000000017,0.472,0.478,-0.006000000000000005,0.349,0.341,0.007999999999999952
"Sheets, Gavin","657757","2026","375","250",0.212,0.231,-0.019000000000000017,0.388,0.381,0.007000000000000006,0.311,0.316,-0.0050000000000000044
"Ramírez, José","608070","2026","370","274",0.233,0.281,-0.048000000000000015,0.385,0.429,-0.043999999999999984,0.313,0.349,-0.035999999999999976
"Baty, Brett","683146","2026","370","233",0.218,0.234,-0.016000000000000014,0.326,0.378,-0.05199999999999999,0.275,0.303,-0.02799999999999997
"Bleday, JJ","668709","2026","369","234",0.225,0.25,-0.024999999999999994,0.46,0.456,0.0040000000000000036,0.349,0.361,-0.01200000000000001
"Moreno, Gabriel","672515","2026","368","267",0.303,0.295,0.008000000000000007,0.443,0.455,-0.01200000000000001,0.362,0.371,-0.009000000000000008
"Bazzana, Travis","683953","2026","366","236",0.244,0.227,0.016999999999999987,0.389,0.353,0.03600000000000003,0.324,0.304,0.020000000000000018
"Crawford, J.P.","641487","2026","364","235",0.212,0.24,-0.027999999999999997,0.345,0.365,-0.020000000000000018,0.308,0.325,-0.017000000000000015
"Buxton, Byron","621439","2026","362","245",0.263,0.251,0.01200000000000001,0.544,0.51,0.03400000000000003,0.366,0.348,0.018000000000000016
"Soler, Jorge","624585","2026","361","202",0.203,0.206,-0.002999999999999975,0.373,0.362,0.01100000000000001,0.294,0.294,0
"Johnston, Troy","687859","2026","360","263",0.279,0.275,0.0040000000000000036,0.386,0.374,0.01200000000000001,0.324,0.319,0.0050000000000000044
"Soto, Juan","665742","2026","359","247",0.283,0.297,-0.014000000000000012,0.539,0.589,-0.04999999999999993,0.402,0.422,-0.019999999999999962
"Yelich, Christian","592885","2026","356","220",0.232,0.221,0.01100000000000001,0.369,0.37,-0.0010000000000000009,0.302,0.3,0.0020000000000000018
"Manzardo, Kyle","700932","2026","356","200",0.215,0.219,-0.0040000000000000036,0.378,0.379,-0.0010000000000000009,0.305,0.306,-0.0010000000000000009
"Vargas, Ildemaro","545121","2026","356","297",0.273,0.286,-0.012999999999999956,0.412,0.389,0.022999999999999965,0.318,0.316,0.0020000000000000018
"Raleigh, Cal","663728","2026","355","195",0.163,0.179,-0.015999999999999986,0.307,0.371,-0.064,0.263,0.295,-0.03199999999999997
"Pederson, Joc","592626","2026","355","230",0.249,0.254,-0.0050000000000000044,0.502,0.456,0.045999999999999985,0.36,0.35,0.010000000000000009
"Taveras, Leody","665750","2026","354","229",0.221,0.215,0.006000000000000005,0.347,0.329,0.01799999999999996,0.29,0.284,0.006000000000000005
"Murakami, Munetaka","808959","2026","354","173",0.237,0.218,0.01899999999999999,0.54,0.502,0.038000000000000034,0.385,0.364,0.02100000000000002
"Caballero, José","676609","2026","353","242",0.242,0.23,0.011999999999999983,0.391,0.341,0.04999999999999999,0.302,0.278,0.023999999999999966
"Young, Jacob","696285","2026","352","259",0.244,0.262,-0.018000000000000016,0.396,0.392,0.0040000000000000036,0.313,0.32,-0.007000000000000006
"Chapman, Matt","656305","2026","352","229",0.235,0.21,0.024999999999999994,0.368,0.319,0.04899999999999999,0.308,0.286,0.02200000000000002
"Benintendi, Andrew","643217","2026","350","236",0.248,0.247,0.0010000000000000009,0.432,0.415,0.017000000000000015,0.321,0.316,0.0050000000000000044
"Larnach, Trevor","663616","2026","349","243",0.279,0.259,0.020000000000000018,0.446,0.405,0.04099999999999998,0.358,0.335,0.022999999999999965
"Butler, Lawrence","671732","2026","348","216",0.204,0.235,-0.031,0.322,0.36,-0.03799999999999998,0.282,0.308,-0.026000000000000023
"McNeil, Jeff","643446","2026","348","278",0.25,0.271,-0.02100000000000002,0.329,0.354,-0.024999999999999967,0.285,0.303,-0.018000000000000016
"Crawford, Justin","702222","2026","346","257",0.265,0.255,0.010000000000000009,0.353,0.317,0.035999999999999976,0.297,0.281,0.01599999999999996
"Peters, Tristan","671976","2026","346","253",0.265,0.245,0.020000000000000018,0.413,0.365,0.04799999999999999,0.325,0.3,0.025000000000000022
"Mangum, Jake","663968","2026","345","255",0.3,0.257,0.04299999999999998,0.38,0.333,0.046999999999999986,0.327,0.29,0.03700000000000003
"McLain, Matt","680574","2026","341","205",0.193,0.228,-0.035,0.346,0.392,-0.04600000000000004,0.289,0.319,-0.030000000000000027
"Canzone, Dominic","686527","2026","340","235",0.248,0.272,-0.02400000000000002,0.488,0.504,-0.016000000000000014,0.348,0.364,-0.016000000000000014
"Suárez, Eugenio","553993","2026","339","180",0.204,0.189,0.014999999999999986,0.405,0.34,0.065,0.3,0.271,0.02899999999999997
"Betts, Mookie","605141","2026","338","274",0.231,0.274,-0.04300000000000001,0.391,0.427,-0.035999999999999976,0.295,0.327,-0.03200000000000003
"Lewis, Royce","668904","2026","338","221",0.239,0.239,0,0.432,0.424,0.008000000000000007,0.324,0.323,0.0010000000000000009
"Thomas, Lane","657041","2026","338","214",0.228,0.241,-0.012999999999999984,0.388,0.369,0.019000000000000017,0.316,0.314,0.0020000000000000018
"Pasquantino, Vinnie","686469","2026","336","237",0.232,0.246,-0.013999999999999985,0.345,0.387,-0.04200000000000004,0.295,0.315,-0.020000000000000018
"Keith, Colt","690993","2026","336","247",0.272,0.274,-0.0020000000000000018,0.421,0.432,-0.01100000000000001,0.326,0.332,-0.006000000000000005
"Carter, Evan","694497","2026","331","207",0.195,0.202,-0.007000000000000006,0.329,0.329,0,0.291,0.294,-0.0030000000000000027
"Mead, Curtis","678554","2026","329","222",0.253,0.259,-0.006000000000000005,0.498,0.457,0.04099999999999998,0.369,0.358,0.01100000000000001
"Goldschmidt, Paul","502671","2026","328","222",0.247,0.231,0.015999999999999986,0.45,0.405,0.044999999999999984,0.328,0.305,0.02300000000000002
"Church, Nathan","701675","2026","325","239",0.234,0.244,-0.009999999999999981,0.361,0.37,-0.009000000000000008,0.282,0.292,-0.010000000000000009
"Walls, Taylor","670764","2026","324","202",0.211,0.184,0.026999999999999996,0.276,0.248,0.028000000000000025,0.268,0.247,0.02100000000000002
"Realmuto, J.T.","592663","2026","323","223",0.226,0.262,-0.036000000000000004,0.359,0.397,-0.038000000000000034,0.296,0.326,-0.030000000000000027
"Martin, Austin","668885","2026","323","216",0.233,0.239,-0.005999999999999978,0.311,0.318,-0.007000000000000006,0.307,0.311,-0.0040000000000000036
"Ramos, Heliot","671218","2026","323","215",0.259,0.261,-0.0020000000000000018,0.419,0.444,-0.025000000000000022,0.315,0.325,-0.010000000000000009
"France, Ty","664034","2026","322","220",0.287,0.253,0.033999999999999975,0.519,0.443,0.07600000000000001,0.368,0.331,0.03699999999999998
"Hernández, Teoscar","606192","2026","322","208",0.252,0.242,0.010000000000000009,0.407,0.411,-0.0040000000000000036,0.317,0.316,0.0010000000000000009
"Horwitz, Spencer","687462","2026","321","227",0.269,0.231,0.038000000000000006,0.433,0.378,0.05499999999999999,0.359,0.332,0.02699999999999997
"Wilson, Jacob","805779","2026","320","269",0.27,0.267,0.0030000000000000027,0.395,0.352,0.04300000000000004,0.304,0.287,0.017000000000000015
"Massey, Michael","686681","2026","320","251",0.259,0.239,0.020000000000000018,0.418,0.395,0.022999999999999965,0.307,0.294,0.013000000000000012
"McKinstry, Zach","656716","2026","318","236",0.221,0.242,-0.02099999999999999,0.332,0.328,0.0040000000000000036,0.284,0.292,-0.008000000000000007
"Stephenson, Tyler","663886","2026","316","200",0.248,0.253,-0.0050000000000000044,0.414,0.467,-0.05300000000000005,0.328,0.349,-0.020999999999999963
"Caratini, Victor","605170","2026","315","213",0.223,0.237,-0.013999999999999985,0.335,0.382,-0.046999999999999986,0.289,0.318,-0.029000000000000026
"Sanoja, Javier","691594","2026","314","272",0.271,0.258,0.013000000000000012,0.41,0.332,0.07799999999999996,0.314,0.279,0.034999999999999976
"Ewing, A.J.","805999","2026","314","205",0.266,0.259,0.007000000000000006,0.403,0.405,-0.0020000000000000018,0.325,0.324,0.0010000000000000009
"Frelick, Sal","686217","2026","313","249",0.236,0.243,-0.007000000000000006,0.33,0.322,0.008000000000000007,0.281,0.281,0
"Kelly, Carson","608348","2026","311","223",0.265,0.244,0.02100000000000002,0.382,0.385,-0.0030000000000000027,0.329,0.319,0.010000000000000009
"Hernández, Heriberto","681715","2026","311","199",0.228,0.248,-0.01999999999999999,0.452,0.477,-0.024999999999999967,0.324,0.343,-0.019000000000000017
"Basallo, Samuel","694212","2026","311","202",0.241,0.25,-0.009000000000000008,0.45,0.469,-0.01899999999999996,0.325,0.335,-0.010000000000000009
"Hoskins, Rhys","656555","2026","304","158",0.183,0.175,0.008000000000000007,0.39,0.355,0.03500000000000003,0.313,0.301,0.01200000000000001
"Peña, Jeremy","665161","2026","304","219",0.302,0.296,0.006000000000000005,0.495,0.444,0.05099999999999999,0.372,0.352,0.020000000000000018
"Peraza, Oswald","672724","2026","303","194",0.233,0.226,0.007000000000000006,0.36,0.347,0.013000000000000012,0.282,0.273,0.008999999999999952
"Eldridge, Bryce","805811","2026","301","183",0.248,0.248,0,0.427,0.456,-0.029000000000000026,0.338,0.348,-0.009999999999999953
"Lukes, Nathan","664770","2026","298","232",0.268,0.254,0.014000000000000012,0.375,0.329,0.045999999999999985,0.31,0.286,0.02400000000000002
"Yastrzemski, Mike","573262","2026","297","191",0.229,0.229,0,0.382,0.361,0.02100000000000002,0.309,0.304,0.0050000000000000044
"Alvarez, Francisco","682626","2026","295","180",0.252,0.244,0.008000000000000007,0.43,0.462,-0.03200000000000003,0.337,0.344,-0.006999999999999951
"Moniak, Mickey","666160","2026","294","202",0.277,0.227,0.05000000000000002,0.568,0.436,0.13199999999999995,0.372,0.302,0.07
"Garcia, Maikel","672580","2026","294","225",0.261,0.272,-0.01100000000000001,0.373,0.374,-0.0010000000000000009,0.307,0.316,-0.009000000000000008
"Mayo, Coby","691723","2026","293","170",0.205,0.217,-0.01200000000000001,0.425,0.418,0.007000000000000006,0.301,0.304,-0.0030000000000000027
"Grissom, Vaughn","687093","2026","292","216",0.249,0.256,-0.007000000000000006,0.387,0.397,-0.010000000000000009,0.308,0.32,-0.01200000000000001
"Rengifo, Luis","650859","2026","292","223",0.235,0.257,-0.02200000000000002,0.302,0.347,-0.044999999999999984,0.283,0.309,-0.026000000000000023
"Vierling, Matt","663837","2026","291","223",0.207,0.256,-0.049000000000000016,0.335,0.381,-0.045999999999999985,0.258,0.304,-0.045999999999999985
"Lowe, Nathaniel","663993","2026","289","187",0.269,0.273,-0.0040000000000000036,0.488,0.464,0.023999999999999966,0.359,0.351,0.008000000000000007
"Martínez, Angel","682657","2026","288","210",0.235,0.253,-0.018000000000000016,0.429,0.415,0.014000000000000012,0.302,0.304,-0.0020000000000000018
"Freeman, Tyler","671289","2026","288","228",0.247,0.265,-0.018000000000000016,0.314,0.353,-0.03899999999999998,0.288,0.309,-0.02100000000000002
"Acuña Jr., Ronald","660670","2026","288","181",0.247,0.261,-0.014000000000000012,0.444,0.506,-0.062,0.351,0.38,-0.029000000000000026
"Raley, Luke","670042","2026","287","172",0.225,0.252,-0.026999999999999996,0.439,0.486,-0.046999999999999986,0.312,0.342,-0.030000000000000027
"Rutschman, Adley","668939","2026","284","212",0.251,0.274,-0.02300000000000002,0.433,0.432,0.0010000000000000009,0.333,0.348,-0.014999999999999958
"Cruz, Oneil","665833","2026","283","152",0.264,0.255,0.009000000000000008,0.472,0.49,-0.018000000000000016,0.357,0.358,-0.0010000000000000009
"Ortiz, Joey","687401","2026","282","206",0.24,0.242,-0.0020000000000000018,0.356,0.341,0.014999999999999958,0.294,0.297,-0.0030000000000000027
"Ozuna, Marcell","542303","2026","280","171",0.203,0.221,-0.017999999999999988,0.327,0.389,-0.062,0.275,0.304,-0.02899999999999997
"McMahon, Ryan","641857","2026","279","172",0.217,0.239,-0.021999999999999992,0.378,0.406,-0.028000000000000025,0.29,0.309,-0.019000000000000017
"Loftin, Nick","679845","2026","279","208",0.247,0.239,0.008000000000000007,0.397,0.348,0.049000000000000044,0.322,0.304,0.018000000000000016
"Langford, Wyatt","694671","2026","279","194",0.26,0.236,0.02400000000000002,0.481,0.404,0.07699999999999996,0.344,0.305,0.03899999999999998
"Palacios, Richie","680700","2026","277","188",0.231,0.242,-0.010999999999999982,0.349,0.334,0.014999999999999958,0.309,0.309,0
"Hamilton, David","666152","2026","277","185",0.236,0.205,0.031,0.325,0.295,0.030000000000000027,0.291,0.267,0.023999999999999966
"Cowser, Colton","681297","2026","277","156",0.207,0.207,0,0.325,0.398,-0.07300000000000001,0.29,0.314,-0.02400000000000002
"Schneemann, Daniel","682177","2026","276","171",0.206,0.218,-0.01200000000000001,0.321,0.357,-0.035999999999999976,0.268,0.285,-0.01699999999999996
"Julien, Edouard","666397","2026","276","165",0.208,0.247,-0.03900000000000001,0.292,0.401,-0.10900000000000004,0.286,0.338,-0.052000000000000046
"Crews, Dylan","686611","2026","275","183",0.218,0.237,-0.01899999999999999,0.367,0.427,-0.06,0.295,0.323,-0.028000000000000025
"Yoshida, Masataka","807799","2026","272","216",0.273,0.27,0.0030000000000000027,0.401,0.385,0.016000000000000014,0.331,0.326,0.0050000000000000044
"Gilbert, Drew","687551","2026","272","198",0.235,0.256,-0.02100000000000002,0.345,0.356,-0.01100000000000001,0.298,0.311,-0.013000000000000012
"Williamson, Ben","810938","2026","270","197",0.247,0.252,-0.0050000000000000044,0.332,0.33,0.0020000000000000018,0.288,0.289,-0.0010000000000000009
"Bolte, Henry","703607","2026","270","164",0.253,0.23,0.022999999999999993,0.35,0.358,-0.008000000000000007,0.308,0.302,0.006000000000000005
"Smith, Dominic","642086","2026","269","210",0.27,0.251,0.019000000000000017,0.402,0.393,0.009000000000000008,0.317,0.31,0.007000000000000006
"Torres, Gleyber","650402","2026","267","173",0.261,0.241,0.020000000000000018,0.392,0.368,0.02400000000000002,0.346,0.329,0.01699999999999996
"Wells, Austin","669224","2026","265","162",0.173,0.217,-0.04400000000000001,0.299,0.377,-0.07800000000000001,0.258,0.303,-0.044999999999999984
"Ruiz, Keibert","660688","2026","265","220",0.27,0.237,0.03300000000000003,0.44,0.356,0.08400000000000002,0.322,0.277,0.044999999999999984
"Caissie, Owen","683357","2026","264","139",0.226,0.209,0.017000000000000015,0.432,0.411,0.02100000000000002,0.309,0.3,0.009000000000000008
"Lindor, Francisco","596019","2026","264","182",0.234,0.252,-0.017999999999999988,0.421,0.446,-0.025000000000000022,0.325,0.341,-0.016000000000000014
"Fortes, Nick","663743","2026","264","217",0.273,0.254,0.019000000000000017,0.38,0.344,0.03600000000000003,0.307,0.284,0.02300000000000002
"Cortes, Carlos","666126","2026","262","195",0.26,0.257,0.0030000000000000027,0.411,0.4,0.010999999999999954,0.329,0.324,0.0050000000000000044
"Triolo, Jared","669707","2026","262","178",0.245,0.243,0.0020000000000000018,0.309,0.314,-0.0050000000000000044,0.288,0.288,0
"Judge, Aaron","592450","2026","261","143",0.248,0.27,-0.02200000000000002,0.533,0.6,-0.06699999999999995,0.385,0.415,-0.02999999999999997
"Heim, Jonah","641680","2026","261","191",0.226,0.239,-0.012999999999999984,0.418,0.392,0.025999999999999968,0.302,0.301,0.0010000000000000009
"García, Adolis","666969","2026","259","150",0.195,0.22,-0.024999999999999994,0.329,0.362,-0.032999999999999974,0.268,0.294,-0.025999999999999968
"Carpenter, Kerry","681481","2026","259","159",0.208,0.212,-0.0040000000000000036,0.416,0.388,0.02799999999999997,0.3,0.295,0.0050000000000000044
"O'Hoppe, Logan","681351","2026","257","173",0.209,0.197,0.011999999999999983,0.294,0.328,-0.03400000000000003,0.255,0.264,-0.009000000000000008
"Andujar, Miguel","609280","2026","254","201",0.259,0.264,-0.0050000000000000044,0.423,0.376,0.046999999999999986,0.313,0.298,0.015000000000000013
"Sánchez, Jesús","660821","2026","254","180",0.272,0.274,-0.0020000000000000018,0.44,0.459,-0.019000000000000017,0.328,0.338,-0.010000000000000009
"Vientos, Mark","668901","2026","254","178",0.211,0.234,-0.02300000000000002,0.388,0.447,-0.059,0.28,0.31,-0.02999999999999997
"Cronenworth, Jake","630105","2026","249","168",0.22,0.232,-0.01200000000000001,0.289,0.328,-0.039000000000000035,0.278,0.295,-0.01699999999999996
"Vivas, Jorbit","678391","2026","248","181",0.233,0.24,-0.0069999999999999785,0.324,0.319,0.0050000000000000044,0.296,0.297,-0.0010000000000000009
"Gelof, Zack","680869","2026","247","167",0.273,0.225,0.048000000000000015,0.476,0.375,0.10099999999999998,0.348,0.289,0.059
"Griffin, Konnor","804606","2026","247","162",0.276,0.24,0.03600000000000003,0.404,0.392,0.01200000000000001,0.324,0.305,0.019000000000000017
"Alexander, Blaze","677942","2026","246","170",0.312,0.308,0.0040000000000000036,0.439,0.467,-0.028000000000000025,0.354,0.361,-0.007000000000000006
"Seager, Corey","608369","2026","246","148",0.199,0.232,-0.033,0.389,0.454,-0.065,0.303,0.339,-0.03600000000000003
"Rushing, Dalton","687221","2026","245","148",0.253,0.254,-0.0010000000000000009,0.475,0.434,0.04099999999999998,0.352,0.34,0.011999999999999955
"Bailey, Patrick","672275","2026","244","166",0.193,0.228,-0.035,0.305,0.383,-0.07800000000000001,0.243,0.287,-0.043999999999999984
"Monasterio, Andruw","655316","2026","244","172",0.273,0.253,0.020000000000000018,0.459,0.404,0.05499999999999999,0.344,0.318,0.025999999999999968
"Fermín, José","665877","2026","241","186",0.243,0.249,-0.006000000000000005,0.364,0.344,0.020000000000000018,0.3,0.297,0.0030000000000000027
"Friedl, TJ","670770","2026","236","158",0.165,0.175,-0.009999999999999981,0.248,0.243,0.0050000000000000044,0.232,0.236,-0.003999999999999976
"Jackson, Jeremiah","669236","2026","235","182",0.239,0.253,-0.014000000000000012,0.378,0.398,-0.020000000000000018,0.279,0.295,-0.01599999999999996
"Davis, Henry","680779","2026","234","157",0.176,0.208,-0.032,0.319,0.348,-0.02899999999999997,0.27,0.296,-0.025999999999999968
"Norby, Connor","681393","2026","233","131",0.205,0.183,0.021999999999999992,0.325,0.324,0.0010000000000000009,0.292,0.282,0.010000000000000009
"Diaz, Yainer","673237","2026","231","185",0.259,0.27,-0.01100000000000001,0.409,0.407,0.0020000000000000018,0.301,0.307,-0.006000000000000005
"Vaughn, Andrew","683734","2026","231","166",0.303,0.277,0.025999999999999968,0.475,0.411,0.064,0.379,0.351,0.028000000000000025
"Emerson, Colt","806068","2026","230","138",0.2,0.204,-0.003999999999999976,0.352,0.313,0.03899999999999998,0.268,0.258,0.010000000000000009
"Tena, José","677588","2026","229","141",0.24,0.241,-0.0010000000000000009,0.385,0.374,0.01100000000000001,0.308,0.303,0.0050000000000000044
"Gorman, Nolan","669357","2026","229","130",0.194,0.197,-0.0030000000000000027,0.318,0.351,-0.032999999999999974,0.266,0.278,-0.01200000000000001
"DeLuca, Jonny","676356","2026","229","170",0.258,0.246,0.01200000000000001,0.438,0.362,0.07600000000000001,0.315,0.28,0.034999999999999976
"Mayer, Marcelo","691785","2026","228","164",0.22,0.201,0.01899999999999999,0.312,0.297,0.015000000000000013,0.267,0.259,0.008000000000000007
"Jeffers, Ryan","680777","2026","228","158",0.28,0.259,0.02100000000000002,0.497,0.454,0.04299999999999998,0.382,0.365,0.017000000000000015
"Matthews, Brice","694728","2026","226","140",0.197,0.192,0.0050000000000000044,0.332,0.341,-0.009000000000000008,0.257,0.26,-0.0030000000000000027
"Mack, Joe","691788","2026","226","153",0.232,0.236,-0.003999999999999976,0.425,0.429,-0.0040000000000000036,0.309,0.311,-0.0020000000000000018
"Lowe, Josh","666139","2026","224","145",0.202,0.22,-0.017999999999999988,0.345,0.398,-0.05300000000000005,0.269,0.295,-0.025999999999999968
"Freeland, Alex","690976","2026","223","132",0.231,0.21,0.02100000000000002,0.313,0.317,-0.0040000000000000036,0.283,0.276,0.006999999999999951
"Osuna, Alejandro","696030","2026","220","161",0.255,0.25,0.0050000000000000044,0.297,0.306,-0.009000000000000008,0.3,0.299,0.0010000000000000009
"Straw, Myles","664702","2026","219","174",0.218,0.257,-0.03900000000000001,0.33,0.358,-0.02799999999999997,0.267,0.295,-0.02799999999999997
"Vázquez, Christian","543877","2026","219","163",0.216,0.198,0.017999999999999988,0.327,0.264,0.063,0.264,0.234,0.03
"Young, Jared","676724","2026","218","152",0.249,0.246,0.0030000000000000027,0.42,0.407,0.013000000000000012,0.331,0.33,0.0010000000000000009
"House, Brady","691781","2026","217","139",0.229,0.259,-0.03,0.398,0.452,-0.05399999999999999,0.297,0.33,-0.03300000000000003
"O'Neill, Tyler","641933","2026","217","133",0.22,0.213,0.007000000000000006,0.403,0.403,0,0.318,0.313,0.0050000000000000044
"Torrens, Luis","620443","2026","216","155",0.231,0.232,-0.0010000000000000009,0.354,0.34,0.013999999999999957,0.292,0.287,0.0050000000000000044
"Valenzuela, Brandon","678218","2026","215","134",0.23,0.243,-0.012999999999999984,0.387,0.391,-0.0040000000000000036,0.308,0.315,-0.007000000000000006
"Beavers, Dylan","687637","2026","212","138",0.241,0.242,-0.0010000000000000009,0.337,0.374,-0.03699999999999998,0.298,0.311,-0.013000000000000012
"Domínguez, Jasson","691176","2026","212","154",0.23,0.251,-0.02099999999999999,0.38,0.364,0.016000000000000014,0.285,0.288,-0.0030000000000000027
"Holliday, Jackson","702616","2026","212","127",0.242,0.228,0.013999999999999985,0.388,0.362,0.026000000000000023,0.325,0.314,0.01100000000000001
"Narváez, Carlos","665966","2026","209","120",0.181,0.197,-0.016000000000000014,0.264,0.316,-0.05199999999999999,0.238,0.266,-0.028000000000000025
"Lee, Hao-Yu","701678","2026","207","146",0.263,0.232,0.031,0.418,0.387,0.030999999999999972,0.309,0.287,0.02200000000000002
"Laureano, Ramón","657656","2026","206","119",0.203,0.222,-0.01899999999999999,0.374,0.409,-0.034999999999999976,0.292,0.312,-0.020000000000000018
"Nootbaar, Lars","663457","2026","204","134",0.229,0.238,-0.00899999999999998,0.343,0.41,-0.06699999999999995,0.303,0.329,-0.026000000000000023
"Myers, Dane","667472","2026","203","122",0.263,0.237,0.026000000000000023,0.36,0.369,-0.009000000000000008,0.327,0.319,0.008000000000000007
"Rooker, Brent","667670","2026","202","117",0.201,0.208,-0.0069999999999999785,0.391,0.438,-0.046999999999999986,0.294,0.316,-0.02200000000000002
"Smith, Will","669257","2026","201","142",0.249,0.275,-0.026000000000000023,0.382,0.494,-0.11199999999999999,0.321,0.385,-0.064
"Kreidler, Ryan","668952","2026","201","148",0.241,0.236,0.0050000000000000044,0.396,0.403,-0.007000000000000006,0.302,0.302,0
"Montgomery, Braden","695731","2026","200","135",0.239,0.245,-0.006000000000000005,0.386,0.367,0.019000000000000017,0.316,0.314,0.0020000000000000018
"Conforto, Michael","624424","2026","199","116",0.231,0.229,0.0020000000000000018,0.457,0.427,0.030000000000000027,0.338,0.326,0.01200000000000001
"Lopez, Nicky","670032","2026","199","156",0.274,0.244,0.030000000000000027,0.307,0.291,0.016000000000000014,0.281,0.26,0.02100000000000002
"Isbel, Kyle","664728","2026","198","142",0.236,0.23,0.005999999999999978,0.337,0.312,0.025000000000000022,0.276,0.265,0.01100000000000001
"Rosario, Amed","642708","2026","197","134",0.231,0.243,-0.011999999999999983,0.434,0.422,0.01200000000000001,0.304,0.308,-0.0040000000000000036
"Fermin, Freddy","666023","2026","197","141",0.187,0.207,-0.01999999999999999,0.31,0.318,-0.008000000000000007,0.262,0.275,-0.013000000000000012
"Quero, Edgar","700337","2026","197","140",0.195,0.221,-0.025999999999999995,0.236,0.308,-0.07200000000000001,0.227,0.267,-0.04000000000000001
"Sánchez, Gary","596142","2026","196","123",0.223,0.231,-0.008000000000000007,0.446,0.441,0.0050000000000000044,0.362,0.364,-0.0020000000000000018
"Volpe, Anthony","683011","2026","194","127",0.24,0.231,0.00899999999999998,0.322,0.315,0.007000000000000006,0.294,0.29,0.0040000000000000036
"Ballesteros, Moisés","694208","2026","194","135",0.224,0.242,-0.017999999999999988,0.362,0.395,-0.03300000000000003,0.291,0.313,-0.02200000000000002
"Valdez, Esmerlyn","699013","2026","193","90",0.248,0.205,0.04300000000000001,0.586,0.481,0.10499999999999998,0.408,0.357,0.05099999999999999
"Del Castillo, Adrian","680728","2026","192","125",0.199,0.201,-0.0020000000000000018,0.318,0.335,-0.017000000000000015,0.254,0.26,-0.006000000000000005
"Sosa, Edmundo","624641","2026","192","140",0.21,0.278,-0.06800000000000003,0.335,0.435,-0.09999999999999998,0.256,0.325,-0.069
"Carrigg, Cole","694249","2026","191","128",0.296,0.261,0.034999999999999976,0.506,0.406,0.09999999999999998,0.377,0.333,0.043999999999999984
"Marte, Noelvi","682622","2026","191","134",0.2,0.201,-0.0010000000000000009,0.339,0.315,0.02400000000000002,0.254,0.245,0.009000000000000008
"Vilade, Ryan","668723","2026","191","133",0.251,0.242,0.009000000000000008,0.462,0.405,0.056999999999999995,0.332,0.308,0.02400000000000002
"Muncy, Max","691777","2026","190","107",0.219,0.211,0.008000000000000007,0.373,0.355,0.018000000000000016,0.291,0.283,0.008000000000000007
"Gurriel Jr., Lourdes","666971","2026","189","143",0.207,0.234,-0.027000000000000024,0.287,0.315,-0.028000000000000025,0.242,0.277,-0.03500000000000003
"Amaya, Miguel","665804","2026","189","114",0.237,0.207,0.03,0.35,0.316,0.033999999999999975,0.319,0.294,0.025000000000000022
"Gray, Tristan","656484","2026","188","117",0.225,0.218,0.007000000000000006,0.324,0.322,0.0020000000000000018,0.261,0.263,-0.0020000000000000018
"Waldschmidt, Ryan","814439","2026","187","115",0.285,0.248,0.03699999999999998,0.407,0.384,0.022999999999999965,0.322,0.295,0.027000000000000024
"Higashioka, Kyle","543309","2026","186","118",0.218,0.219,-0.0010000000000000009,0.37,0.351,0.019000000000000017,0.303,0.295,0.008000000000000007
"Acuña, Luisangel","682668","2026","185","143",0.249,0.256,-0.007000000000000006,0.283,0.33,-0.04700000000000004,0.252,0.274,-0.02200000000000002
"Tawa, Tim","694374","2026","184","129",0.235,0.23,0.004999999999999977,0.395,0.378,0.017000000000000015,0.299,0.293,0.006000000000000005
"Meckler, Wade","685133","2026","184","127",0.305,0.267,0.03799999999999998,0.419,0.378,0.04099999999999998,0.35,0.318,0.03199999999999997
"Scott II, Victor","687363","2026","184","122",0.194,0.221,-0.026999999999999996,0.258,0.293,-0.034999999999999976,0.248,0.273,-0.025000000000000022
"Wong, Connor","657136","2026","181","118",0.245,0.223,0.021999999999999992,0.368,0.339,0.02899999999999997,0.315,0.297,0.018000000000000016
"Rojas, Miguel","500743","2026","180","149",0.287,0.289,-0.0020000000000000018,0.406,0.406,0,0.318,0.318,0
"Piñango, Yohendrick","682818","2026","180","125",0.26,0.262,-0.0020000000000000018,0.396,0.398,-0.0020000000000000018,0.309,0.309,0
"Trammell, Taylor","666211","2026","178","105",0.236,0.212,0.023999999999999994,0.42,0.419,0.0010000000000000009,0.328,0.316,0.01200000000000001
"Grichuk, Randal","545341","2026","178","129",0.26,0.28,-0.020000000000000018,0.509,0.48,0.029000000000000026,0.339,0.338,0.0010000000000000009
"Hedges, Austin","595978","2026","178","132",0.269,0.237,0.03200000000000003,0.391,0.329,0.062,0.321,0.284,0.03700000000000003
"Fernandez, Jose","699912","2026","177","129",0.255,0.243,0.01200000000000001,0.352,0.348,0.0040000000000000036,0.283,0.276,0.006999999999999951
"Story, Trevor","596115","2026","176","110",0.206,0.212,-0.006000000000000005,0.303,0.309,-0.006000000000000005,0.242,0.248,-0.006000000000000005
"Pérez, Wenceel","672761","2026","175","132",0.18,0.203,-0.02300000000000002,0.348,0.348,0,0.262,0.272,-0.010000000000000009
"Hayes, Ke'Bryan","663647","2026","174","128",0.141,0.248,-0.10700000000000001,0.239,0.395,-0.15600000000000003,0.197,0.302,-0.10499999999999998
"Pagés, Pedro","686780","2026","171","116",0.206,0.214,-0.008000000000000007,0.323,0.337,-0.014000000000000012,0.254,0.266,-0.01200000000000001
"Feduccia, Hunter","676439","2026","169","109",0.235,0.237,-0.0020000000000000018,0.336,0.379,-0.04299999999999998,0.289,0.308,-0.019000000000000017
"Taylor, Tyrone","621438","2026","169","124",0.242,0.234,0.00799999999999998,0.49,0.434,0.055999999999999994,0.339,0.313,0.026000000000000023
"Fry, David","681807","2026","168","92",0.182,0.168,0.013999999999999985,0.336,0.261,0.07500000000000001,0.289,0.258,0.030999999999999972
"Outman, James","681546","2026","168","86",0.173,0.163,0.009999999999999981,0.321,0.275,0.045999999999999985,0.245,0.223,0.021999999999999992
"Smith, Josh","669701","2026","166","115",0.218,0.208,0.010000000000000009,0.293,0.324,-0.031000000000000028,0.27,0.277,-0.007000000000000006
"Hill, Derek","656537","2026","166","96",0.238,0.227,0.010999999999999982,0.437,0.388,0.04899999999999999,0.319,0.294,0.025000000000000022
"Kirk, Alejandro","672386","2026","164","126",0.25,0.253,-0.0030000000000000027,0.361,0.351,0.010000000000000009,0.3,0.298,0.0020000000000000018
"Guzman, Denzer","694203","2026","162","109",0.233,0.237,-0.003999999999999976,0.36,0.347,0.013000000000000012,0.286,0.282,0.0040000000000000036
"Conine, Griffin","665052","2026","161","93",0.259,0.264,-0.0050000000000000044,0.503,0.492,0.01100000000000001,0.366,0.362,0.0040000000000000036
"Romo, Drew","691011","2026","160","103",0.126,0.165,-0.03900000000000001,0.266,0.262,0.0040000000000000036,0.215,0.231,-0.016000000000000014
"Susac, Daniel","691740","2026","159","113",0.246,0.249,-0.0030000000000000027,0.38,0.37,0.010000000000000009,0.293,0.297,-0.0040000000000000036
"Mesa Jr., Victor","683748","2026","159","106",0.22,0.235,-0.014999999999999986,0.461,0.431,0.030000000000000027,0.325,0.321,0.0040000000000000036
"Rodríguez, Endy","682848","2026","159","94",0.267,0.245,0.02200000000000002,0.467,0.403,0.064,0.37,0.338,0.03199999999999997
"Pratt, Cooper","806198","2026","159","108",0.272,0.258,0.014000000000000012,0.368,0.353,0.015000000000000013,0.321,0.318,0.0030000000000000027
"Dunn, Blake","694362","2026","155","110",0.282,0.241,0.04099999999999998,0.387,0.317,0.07,0.32,0.278,0.04199999999999998
"Marte, Starling","516782","2026","154","104",0.25,0.235,0.015000000000000013,0.307,0.362,-0.05499999999999999,0.277,0.289,-0.011999999999999955
"Jiménez, Leo","677870","2026","154","106",0.216,0.246,-0.03,0.291,0.354,-0.063,0.279,0.318,-0.03899999999999998
"Ruiz, Esteury","665923","2026","154","83",0.262,0.204,0.058000000000000024,0.476,0.346,0.13,0.376,0.312,0.064
"Sullivan, Brett","664954","2026","154","118",0.231,0.214,0.017000000000000015,0.399,0.315,0.08400000000000002,0.288,0.252,0.035999999999999976
"Meyers, Jake","676694","2026","153","111",0.213,0.205,0.008000000000000007,0.326,0.316,0.010000000000000009,0.264,0.256,0.008000000000000007
"Edman, Tommy","669242","2026","153","107",0.287,0.284,0.0030000000000000027,0.426,0.4,0.025999999999999968,0.347,0.336,0.010999999999999954
"White, Eli","642201","2026","152","108",0.221,0.22,0.0010000000000000009,0.386,0.32,0.066,0.289,0.267,0.021999999999999964
"Gonzalez, Jacob","694378","2026","152","112",0.236,0.257,-0.02100000000000002,0.386,0.393,-0.007000000000000006,0.294,0.306,-0.01200000000000001
"Robert Jr., Luis","673357","2026","152","98",0.206,0.225,-0.019000000000000017,0.316,0.349,-0.032999999999999974,0.275,0.293,-0.01799999999999996
"Millas, Drew","686452","2026","152","96",0.185,0.204,-0.01899999999999999,0.262,0.282,-0.019999999999999962,0.251,0.266,-0.015000000000000013
"Garver, Mitch","641598","2026","149","77",0.175,0.194,-0.019000000000000017,0.294,0.341,-0.04700000000000004,0.278,0.301,-0.022999999999999965
"Barrosa, Jorge","678489","2026","149","95",0.198,0.16,0.038000000000000006,0.349,0.249,0.09999999999999998,0.28,0.231,0.049000000000000016
"Foscue, Justin","679822","2026","147","95",0.256,0.236,0.020000000000000018,0.481,0.423,0.057999999999999996,0.345,0.318,0.02699999999999997
"Jordan, Blaze","691458","2026","147","121",0.255,0.268,-0.013000000000000012,0.372,0.41,-0.03799999999999998,0.28,0.312,-0.03199999999999997
"Shaw, Matt","807713","2026","147","105",0.246,0.241,0.0050000000000000044,0.415,0.359,0.055999999999999994,0.324,0.301,0.02300000000000002
"Seigler, Anthony","678011","2026","146","107",0.246,0.249,-0.0030000000000000027,0.4,0.387,0.013000000000000012,0.311,0.312,-0.0010000000000000009
"Call, Alex","669743","2026","146","100",0.246,0.208,0.038000000000000006,0.32,0.267,0.05299999999999999,0.312,0.279,0.032999999999999974
"Melendez, MJ","669004","2026","144","72",0.192,0.166,0.025999999999999995,0.35,0.317,0.032999999999999974,0.302,0.28,0.021999999999999964
"Jansen, Danny","643376","2026","142","84",0.171,0.167,0.0040000000000000036,0.309,0.273,0.035999999999999976,0.268,0.254,0.014000000000000012
"Arroyo, Edwin","695490","2026","142","103",0.244,0.289,-0.044999999999999984,0.282,0.367,-0.08500000000000002,0.257,0.307,-0.04999999999999999
"Correa, Carlos","621043","2026","141","97",0.279,0.289,-0.009999999999999953,0.418,0.459,-0.041000000000000036,0.347,0.364,-0.017000000000000015
"Walton, Donovan","622268","2026","140","100",0.285,0.247,0.03799999999999998,0.455,0.366,0.08900000000000002,0.359,0.31,0.04899999999999999
"Díaz, Elias","553869","2026","140","104",0.242,0.233,0.00899999999999998,0.424,0.362,0.062,0.295,0.267,0.02799999999999997
"Doyle, Brenton","686668","2026","138","82",0.214,0.196,0.017999999999999988,0.278,0.272,0.006000000000000005,0.256,0.246,0.010000000000000009
"Ramírez, Agustín","682663","2026","138","91",0.24,0.224,0.015999999999999986,0.347,0.308,0.03899999999999998,0.301,0.28,0.020999999999999963
"Schneider, Davis","676914","2026","137","68",0.144,0.153,-0.009000000000000008,0.279,0.282,-0.002999999999999947,0.27,0.276,-0.006000000000000005
"Mateo, Jorge","622761","2026","137","88",0.24,0.26,-0.020000000000000018,0.38,0.44,-0.06,0.292,0.322,-0.030000000000000027
"Heineman, Tyler","623168","2026","137","106",0.18,0.227,-0.047000000000000014,0.238,0.274,-0.03600000000000003,0.214,0.249,-0.035
"Arias, Gabriel","672356","2026","136","71",0.24,0.215,0.024999999999999994,0.38,0.364,0.016000000000000014,0.286,0.267,0.01899999999999996
"Wallner, Matt","670242","2026","135","67",0.167,0.2,-0.033,0.292,0.333,-0.041000000000000036,0.253,0.281,-0.028000000000000025
"Hernaiz, Darell","687231","2026","134","97",0.237,0.216,0.02099999999999999,0.288,0.272,0.01599999999999996,0.28,0.263,0.017000000000000015
"Campusano, Luis","669134","2026","134","85",0.296,0.25,0.045999999999999985,0.478,0.394,0.08399999999999996,0.384,0.336,0.04799999999999999
"Troy, Tommy","694371","2026","134","90",0.223,0.238,-0.014999999999999986,0.364,0.412,-0.04799999999999999,0.295,0.317,-0.02200000000000002
"Williams, Alika","675961","2026","133","93",0.252,0.212,0.04000000000000001,0.382,0.28,0.10199999999999998,0.294,0.239,0.05499999999999999
"Kiner-Falefa, Isiah","643396","2026","132","102",0.277,0.277,0,0.361,0.351,0.010000000000000009,0.317,0.312,0.0050000000000000044
"Kim, Hyeseong","808975","2026","131","87",0.259,0.261,-0.0020000000000000018,0.328,0.341,-0.013000000000000012,0.293,0.304,-0.01100000000000001
"Siri, Jose","642350","2026","131","82",0.265,0.23,0.035,0.47,0.427,0.04299999999999998,0.345,0.314,0.030999999999999972
"Anthony, Roman","701350","2026","130","76",0.229,0.262,-0.033,0.321,0.41,-0.08899999999999997,0.31,0.352,-0.04199999999999998
"Moncada, Yoán","660162","2026","130","66",0.189,0.169,0.01999999999999999,0.297,0.286,0.01100000000000001,0.281,0.269,0.01200000000000001
"Refsnyder, Rob","608701","2026","129","81",0.14,0.17,-0.03,0.254,0.316,-0.062,0.207,0.255,-0.048000000000000015
"Jones, Spencer","682987","2026","129","69",0.217,0.229,-0.01200000000000001,0.4,0.438,-0.03799999999999998,0.307,0.324,-0.017000000000000015
"Bart, Joey","663698","2026","128","78",0.214,0.203,0.010999999999999982,0.357,0.362,-0.0050000000000000044,0.298,0.295,0.0030000000000000027
"Rivas, Leo","660844","2026","127","71",0.133,0.153,-0.01999999999999999,0.171,0.217,-0.045999999999999985,0.218,0.24,-0.021999999999999992
"Song, Sung-Mun","823550","2026","127","87",0.213,0.188,0.024999999999999994,0.278,0.278,0,0.28,0.268,0.01200000000000001
"Jones, Jahmai","663330","2026","127","73",0.191,0.23,-0.03900000000000001,0.348,0.396,-0.04800000000000004,0.274,0.308,-0.033999999999999975
"Polanco, Jorge","593871","2026","127","87",0.136,0.181,-0.044999999999999984,0.229,0.282,-0.052999999999999964,0.19,0.23,-0.04000000000000001
"Robles, Victor","645302","2026","126","97",0.241,0.233,0.00799999999999998,0.267,0.317,-0.04999999999999999,0.254,0.268,-0.014000000000000012
"Halpin, Petey","690984","2026","123","94",0.219,0.242,-0.022999999999999993,0.316,0.363,-0.046999999999999986,0.249,0.277,-0.028000000000000025
"Ramírez, Pedro","699393","2026","123","91",0.297,0.263,0.033999999999999975,0.441,0.351,0.09000000000000002,0.344,0.295,0.04899999999999999
"Rogers, Jake","668670","2026","122","71",0.178,0.178,0,0.327,0.308,0.019000000000000017,0.277,0.272,0.0050000000000000044
"Castellanos, Nick","592206","2026","122","83",0.191,0.244,-0.05299999999999999,0.339,0.4,-0.061,0.238,0.285,-0.046999999999999986
"Thomas, Colby","687515","2026","121","79",0.202,0.182,0.020000000000000018,0.333,0.357,-0.023999999999999966,0.25,0.248,0.0020000000000000018
"Loperfido, Joey","694388","2026","120","73",0.216,0.231,-0.015000000000000013,0.333,0.337,-0.0040000000000000036,0.289,0.297,-0.008000000000000007
"Gasper, Mickey","681508","2026","119","88",0.243,0.226,0.016999999999999987,0.308,0.329,-0.02100000000000002,0.277,0.28,-0.0030000000000000027
"Báez, Javier","595879","2026","119","94",0.281,0.256,0.025000000000000022,0.386,0.328,0.057999999999999996,0.301,0.272,0.02899999999999997
"Sosa, Lenyn","672820","2026","117","90",0.195,0.222,-0.026999999999999996,0.283,0.345,-0.062,0.213,0.249,-0.036000000000000004
"Allen, Nick","669397","2026","116","84",0.26,0.197,0.063,0.327,0.246,0.08100000000000002,0.283,0.228,0.054999999999999966
"Donovan, Brendan","680977","2026","115","80",0.258,0.248,0.010000000000000009,0.412,0.357,0.05499999999999999,0.347,0.325,0.021999999999999964
"Benson, Will","666181","2026","114","58",0.188,0.189,-0.0010000000000000009,0.333,0.355,-0.021999999999999964,0.29,0.3,-0.010000000000000009
"Chaparro, Andrés","665953","2026","113","70",0.229,0.25,-0.02099999999999999,0.49,0.496,-0.006000000000000005,0.363,0.374,-0.01100000000000001
"Bader, Harrison","664056","2026","111","73",0.17,0.215,-0.044999999999999984,0.358,0.367,-0.009000000000000008,0.238,0.272,-0.03400000000000003
"Crooks, Jimmy","699625","2026","110","64",0.19,0.216,-0.025999999999999995,0.35,0.413,-0.063,0.273,0.306,-0.032999999999999974
"Torres, Bryan","663494","2026","109","78",0.224,0.245,-0.02099999999999999,0.398,0.386,0.01200000000000001,0.299,0.304,-0.0050000000000000044
"McCann, James","543510","2026","109","77",0.304,0.223,0.08099999999999999,0.471,0.377,0.09399999999999997,0.351,0.277,0.07399999999999995
"Callihan, Tyler","682997","2026","107","59",0.211,0.185,0.025999999999999995,0.389,0.296,0.09300000000000003,0.294,0.252,0.04199999999999998
"Pauley, Graham","688363","2026","106","76",0.19,0.176,0.014000000000000012,0.3,0.262,0.03799999999999998,0.233,0.212,0.02100000000000002
"Kepler, Max","596146","2026","106","74",0.213,0.207,0.006000000000000005,0.34,0.352,-0.011999999999999955,0.272,0.282,-0.009999999999999953
"Taylor, Samad","669392","2026","102","60",0.33,0.283,0.04700000000000004,0.398,0.351,0.04700000000000004,0.364,0.326,0.03799999999999998
"Beck, Jordan","687597","2026","101","70",0.2,0.218,-0.017999999999999988,0.337,0.315,0.02200000000000002,0.249,0.252,-0.0030000000000000027
"Perkins, Blake","663368","2026","101","68",0.157,0.196,-0.03900000000000001,0.258,0.295,-0.03699999999999998,0.235,0.264,-0.029000000000000026
"Wilson, Weston","642215","2026","101","60",0.209,0.177,0.032,0.341,0.27,0.07100000000000001,0.282,0.243,0.03899999999999998
"Jarvis, Jim","805347","2026","100","77",0.242,0.243,-0.0010000000000000009,0.352,0.317,0.034999999999999976,0.283,0.271,0.011999999999999955
"Thomas, Alek","677950","2026","100","72",0.181,0.235,-0.05399999999999999,0.34,0.397,-0.056999999999999995,0.246,0.292,-0.045999999999999985
"Lockridge, Brandon","663604","2026","97","61",0.291,0.231,0.05999999999999997,0.337,0.281,0.055999999999999994,0.32,0.273,0.046999999999999986
"Frazier, Adam","624428","2026","97","58",0.2,0.177,0.02300000000000002,0.318,0.242,0.07600000000000001,0.272,0.236,0.03600000000000003
"Stanton, Giancarlo","519317","2026","96","61",0.256,0.245,0.01100000000000001,0.422,0.466,-0.04400000000000004,0.316,0.326,-0.010000000000000009
"Tolbert, Tyler","686475","2026","94","72",0.325,0.265,0.06,0.482,0.348,0.134,0.368,0.306,0.062
"Trevino, Jose","624431","2026","94","74",0.242,0.198,0.043999999999999984,0.407,0.279,0.12799999999999995,0.283,0.211,0.07199999999999998
"Pereira, Everson","677592","2026","92","53",0.22,0.209,0.01100000000000001,0.427,0.405,0.021999999999999964,0.314,0.301,0.013000000000000012
"Escarra, J.C.","641555","2026","92","68",0.188,0.206,-0.017999999999999988,0.271,0.308,-0.03699999999999998,0.228,0.257,-0.028999999999999998
"Marchán, Rafael","665561","2026","92","74",0.102,0.181,-0.079,0.17,0.248,-0.07799999999999999,0.143,0.208,-0.065
"Watson, Kahlil","696135","2026","91","56",0.239,0.209,0.03,0.341,0.33,0.01100000000000001,0.265,0.246,0.019000000000000017
"Shewmake, Braden","669699","2026","91","73",0.259,0.246,0.013000000000000012,0.424,0.411,0.013000000000000012,0.295,0.294,0.0010000000000000009
"Durán, Rodolfo","660710","2026","91","59",0.146,0.18,-0.034,0.305,0.323,-0.018000000000000016,0.236,0.257,-0.02100000000000002
"Naylor, Bo","666310","2026","90","63",0.143,0.215,-0.07200000000000001,0.238,0.399,-0.16100000000000003,0.199,0.29,-0.09099999999999997
"Fraley, Jake","641584","2026","90","57",0.232,0.204,0.028000000000000025,0.39,0.345,0.04500000000000004,0.304,0.276,0.02799999999999997
"Smith, Pavin","656976","2026","89","61",0.141,0.188,-0.047000000000000014,0.192,0.253,-0.061,0.205,0.255,-0.05000000000000002
"Rincones Jr., Gabriel","687282","2026","89","56",0.167,0.15,0.017000000000000015,0.286,0.276,0.009999999999999953,0.215,0.205,0.010000000000000009
"Schuemann, Max","680474","2026","87","51",0.194,0.203,-0.009000000000000008,0.361,0.336,0.024999999999999967,0.317,0.312,0.0050000000000000044
"Yorke, Nick","694377","2026","86","60",0.197,0.243,-0.045999999999999985,0.276,0.362,-0.08599999999999997,0.255,0.306,-0.05099999999999999
"Wade Jr., LaMonte","664774","2026","85","53",0.225,0.19,0.035,0.366,0.285,0.08100000000000002,0.327,0.285,0.04200000000000004
"Sogard, Nick","686765","2026","85","55",0.271,0.245,0.026000000000000023,0.371,0.299,0.07200000000000001,0.344,0.309,0.034999999999999976
"Haase, Eric","606992","2026","84","49",0.162,0.184,-0.021999999999999992,0.365,0.36,0.0050000000000000044,0.263,0.271,-0.008000000000000007
"Kim, Ha-Seong","673490","2026","84","52",0.067,0.142,-0.07499999999999998,0.067,0.198,-0.131,0.128,0.207,-0.07899999999999999
"Velázquez, Nelson","676369","2026","83","50",0.216,0.265,-0.049000000000000016,0.432,0.515,-0.08300000000000002,0.313,0.363,-0.04999999999999999
"Dezenzo, Zach","701305","2026","83","44",0.211,0.191,0.01999999999999999,0.303,0.294,0.009000000000000008,0.262,0.248,0.014000000000000012
"McCutchen, Andrew","457705","2026","83","52",0.192,0.164,0.027999999999999997,0.26,0.265,-0.0050000000000000044,0.249,0.237,0.01200000000000001
"Wiemer, Joey","686894","2026","83","41",0.286,0.217,0.06899999999999998,0.514,0.349,0.16500000000000004,0.397,0.315,0.08200000000000002
"Saggese, Thomas","695336","2026","82","50",0.184,0.203,-0.019000000000000017,0.276,0.365,-0.08899999999999997,0.235,0.274,-0.039000000000000035
"White, Tommy","695720","2026","81","65",0.266,0.278,-0.01200000000000001,0.291,0.354,-0.063,0.257,0.284,-0.02699999999999997
"Wynns, Austin","642851","2026","77","52",0.125,0.204,-0.07899999999999999,0.167,0.302,-0.13499999999999998,0.157,0.244,-0.087
"Bowen, Jase","687749","2026","77","43",0.151,0.209,-0.057999999999999996,0.219,0.347,-0.12799999999999997,0.189,0.262,-0.07300000000000001
"Thompson, Sterlin","694514","2026","77","48",0.232,0.219,0.013000000000000012,0.377,0.357,0.020000000000000018,0.308,0.295,0.013000000000000012
"Slater, Austin","596103","2026","74","45",0.231,0.182,0.049000000000000016,0.277,0.236,0.041000000000000036,0.271,0.235,0.03600000000000003
"Morel, Christopher","666624","2026","73","40",0.162,0.187,-0.024999999999999994,0.206,0.239,-0.033,0.197,0.22,-0.022999999999999993
"Lara, Luis","800325","2026","73","48",0.246,0.267,-0.02100000000000002,0.361,0.347,0.014000000000000012,0.323,0.329,-0.006000000000000005
"Gonzalez, Romy","663853","2026","73","45",0.185,0.231,-0.04600000000000001,0.308,0.335,-0.027000000000000024,0.258,0.289,-0.030999999999999972
"Rojas, Josh","668942","2026","72","59",0.235,0.182,0.05299999999999999,0.324,0.261,0.063,0.262,0.213,0.049000000000000016
"Pereda, Jhonny","640902","2026","71","54",0.258,0.296,-0.03799999999999998,0.348,0.401,-0.05300000000000005,0.295,0.329,-0.03400000000000003
"Fulford, Braxton","690924","2026","71","35",0.177,0.138,0.03899999999999998,0.29,0.232,0.05799999999999997,0.244,0.207,0.037000000000000005
"Teel, Kyle","691019","2026","70","36",0.19,0.233,-0.04300000000000001,0.317,0.371,-0.05399999999999999,0.266,0.302,-0.035999999999999976
"Kelenic, Jarred","672284","2026","69","36",0.213,0.238,-0.024999999999999994,0.295,0.472,-0.177,0.276,0.346,-0.06999999999999995
"Jackson, Alex","656577","2026","69","43",0.303,0.191,0.11199999999999999,0.409,0.264,0.14499999999999996,0.327,0.22,0.10700000000000001
"Cavanaugh, Drew","701852","2026","69","42",0.25,0.226,0.023999999999999994,0.268,0.32,-0.05199999999999999,0.306,0.315,-0.009000000000000008
"Urías, Ramón","602104","2026","68","46",0.158,0.185,-0.026999999999999996,0.316,0.374,-0.057999999999999996,0.273,0.306,-0.032999999999999974
"Short, Zack","670097","2026","62","34",0.14,0.159,-0.01899999999999999,0.18,0.269,-0.08900000000000002,0.218,0.256,-0.038000000000000006
"Kuroda-Grauer, Joshua","811965","2026","62","53",0.417,0.317,0.09999999999999998,0.583,0.416,0.16699999999999998,0.442,0.329,0.11299999999999999
"Ward, Ryan","669899","2026","60","38",0.218,0.239,-0.02099999999999999,0.455,0.424,0.031000000000000028,0.319,0.316,0.0030000000000000027
"Sánchez, Ali","645305","2026","60","42",0.268,0.268,0,0.357,0.331,0.025999999999999968,0.29,0.28,0.009999999999999953
"Espinal, Santiago","669289","2026","60","51",0.268,0.285,-0.01699999999999996,0.375,0.374,0.0010000000000000009,0.281,0.29,-0.008999999999999952
"Clarke, Denzel","672016","2026","60","32",0.17,0.163,0.007000000000000006,0.189,0.19,-0.0010000000000000009,0.196,0.193,0.0030000000000000027
"Bericoto, Victor","682674","2026","59","43",0.293,0.217,0.07599999999999998,0.552,0.457,0.09500000000000003,0.365,0.289,0.07600000000000001
"Urías, Luis","649966","2026","59","43",0.25,0.237,0.013000000000000012,0.481,0.351,0.13,0.345,0.299,0.045999999999999985
"Encarnacion-Strand, Christian","687952","2026","59","40",0.245,0.267,-0.02200000000000002,0.472,0.58,-0.10799999999999998,0.333,0.38,-0.046999999999999986
"Rodriguez, Jesus","683679","2026","58","44",0.235,0.267,-0.03200000000000003,0.412,0.355,0.056999999999999995,0.321,0.315,0.006000000000000005
"India, Jonathan","663697","2026","58","35",0.167,0.173,-0.005999999999999978,0.313,0.289,0.02400000000000002,0.29,0.284,0.006000000000000005
"Koss, Christian","683766","2026","57","41",0.148,0.172,-0.023999999999999994,0.167,0.211,-0.043999999999999984,0.169,0.196,-0.026999999999999996
"Cauley, Cam","695508","2026","57","38",0.192,0.194,-0.0020000000000000018,0.346,0.239,0.10699999999999998,0.27,0.234,0.036000000000000004
"Rivero, Sebastián","665861","2026","56","42",0.25,0.261,-0.01100000000000001,0.288,0.304,-0.016000000000000014,0.262,0.272,-0.010000000000000009
"Brito, Juan","682877","2026","56","34",0.176,0.205,-0.028999999999999998,0.255,0.287,-0.03199999999999997,0.232,0.256,-0.023999999999999994
"Roden, Alan","702176","2026","55","41",0.217,0.273,-0.05600000000000002,0.239,0.383,-0.14400000000000002,0.257,0.34,-0.08300000000000002
"Groover, LuJames","694410","2026","54","37",0.167,0.215,-0.04799999999999999,0.271,0.328,-0.056999999999999995,0.245,0.286,-0.04099999999999998
"Cole, Zach","805904","2026","53","30",0.157,0.209,-0.05199999999999999,0.353,0.438,-0.08500000000000002,0.234,0.289,-0.054999999999999966
"Madrigal, Nick","663611","2026","52","41",0.273,0.232,0.04100000000000001,0.295,0.286,0.009000000000000008,0.32,0.298,0.02200000000000002
"Malgeri, Ben","701162","2026","52","33",0.286,0.235,0.05099999999999999,0.405,0.319,0.08600000000000002,0.363,0.32,0.04299999999999998
"Harris, Dustin","687957","2026","52","38",0.233,0.286,-0.052999999999999964,0.302,0.356,-0.05399999999999999,0.292,0.334,-0.04200000000000004
"Teodosio, Bryce","669326","2026","51","30",0.213,0.16,0.05299999999999999,0.255,0.236,0.019000000000000017,0.235,0.203,0.03199999999999997
"Tromp, Chadwick","644433","2026","51","38",0.163,0.174,-0.010999999999999982,0.184,0.217,-0.033,0.15,0.17,-0.020000000000000018
"Mauricio, Ronny","677595","2026","50","32",0.18,0.181,-0.0010000000000000009,0.26,0.299,-0.03899999999999998,0.191,0.205,-0.013999999999999985
"Arcia, Orlando","606115","2026","50","40",0.271,0.223,0.048000000000000015,0.354,0.298,0.055999999999999994,0.29,0.245,0.044999999999999984
"Johnson, Bryce","669369","2026","49","28",0.178,0.147,0.031,0.222,0.166,0.055999999999999994,0.207,0.172,0.035
"d'Arnaud, Travis","518595","2026","49","33",0.205,0.2,0.004999999999999977,0.295,0.392,-0.09700000000000003,0.267,0.298,-0.030999999999999972
"Garcia, Jhostynxon","691373","2026","49","31",0.17,0.217,-0.046999999999999986,0.191,0.312,-0.121,0.182,0.248,-0.066
"Rave, John","670231","2026","48","34",0.262,0.278,-0.016000000000000014,0.548,0.517,0.031000000000000028,0.378,0.376,0.0020000000000000018
"Haggerty, Sam","664059","2026","47","28",0.159,0.156,0.0030000000000000027,0.182,0.181,0.0010000000000000009,0.186,0.182,0.0040000000000000036
"Wagaman, Eric","676572","2026","47","31",0.19,0.23,-0.04000000000000001,0.333,0.368,-0.034999999999999976,0.275,0.304,-0.02899999999999997
"Joe, Connor","656582","2026","45","24",0.179,0.257,-0.07800000000000001,0.308,0.397,-0.08900000000000002,0.274,0.337,-0.063
"Cook, Billy","695257","2026","45","27",0.2,0.136,0.064,0.267,0.181,0.08600000000000002,0.202,0.138,0.064
"Wagner, Will","695238","2026","45","28",0.257,0.249,0.008000000000000007,0.286,0.282,0.0040000000000000036,0.333,0.329,0.0040000000000000036
"Misner, Kameron","670224","2026","44","25",0.22,0.185,0.035,0.244,0.242,0.0020000000000000018,0.227,0.209,0.018000000000000016
"Hays, Austin","669720","2026","44","30",0.233,0.286,-0.052999999999999964,0.326,0.365,-0.03899999999999998,0.242,0.283,-0.04099999999999998
"León, Sandy","506702","2026","44","26",0.091,0.135,-0.04400000000000001,0.091,0.17,-0.07900000000000001,0.081,0.132,-0.051000000000000004
"Wisdom, Patrick","621550","2026","44","23",0.122,0.178,-0.055999999999999994,0.22,0.403,-0.18300000000000002,0.171,0.265,-0.094
"Lawlar, Jordan","691783","2026","44","28",0.316,0.277,0.03899999999999998,0.447,0.393,0.05399999999999999,0.383,0.348,0.03500000000000003
"Cheng, Tsung-Che","691907","2026","44","26",0.256,0.237,0.019000000000000017,0.282,0.392,-0.11000000000000004,0.274,0.303,-0.02899999999999997
"Pozo, Yohel","650968","2026","43","37",0.238,0.231,0.0069999999999999785,0.333,0.295,0.038000000000000034,0.242,0.227,0.014999999999999986
"Stubbs, Garrett","596117","2026","42","30",0.132,0.211,-0.07899999999999999,0.132,0.258,-0.126,0.157,0.236,-0.07899999999999999
"Ford, Harry","695670","2026","42","25",0.2,0.125,0.07500000000000001,0.457,0.279,0.178,0.347,0.258,0.08899999999999997
"Workman, Gage","669398","2026","41","24",0.171,0.222,-0.05099999999999999,0.415,0.489,-0.07400000000000001,0.244,0.299,-0.05499999999999999
"Spence, Lucas","828599","2026","41","22",0.162,0.177,-0.014999999999999986,0.189,0.253,-0.064,0.208,0.236,-0.027999999999999997
"McCray, Grant","687529","2026","40","23",0.1,0.196,-0.096,0.2,0.316,-0.11599999999999999,0.235,0.308,-0.07300000000000001
"Valencia, Eduardo","680664","2026","39","28",0.395,0.281,0.11399999999999999,0.816,0.622,0.19399999999999995,0.517,0.388,0.129
"Meadows, Parker","678009","2026","39","26",0.25,0.212,0.038000000000000006,0.333,0.277,0.055999999999999994,0.287,0.25,0.03699999999999998
"Eaton, Nate","681987","2026","39","20",0.125,0.16,-0.035,0.281,0.316,-0.034999999999999976,0.267,0.291,-0.023999999999999966
"Clark, Max","703601","2026","38","20",0.333,0.253,0.08000000000000002,0.545,0.356,0.18900000000000006,0.419,0.321,0.09799999999999998
"Reyes, Felix","694025","2026","38","29",0.158,0.229,-0.07100000000000001,0.263,0.314,-0.05099999999999999,0.181,0.233,-0.05200000000000002
"Hinds, Rece","677956","2026","38","17",0.114,0.131,-0.017,0.2,0.157,0.04300000000000001,0.16,0.155,0.0050000000000000044
"Valera, George","671655","2026","38","29",0.216,0.193,0.022999999999999993,0.297,0.232,0.06499999999999997,0.235,0.198,0.03699999999999998
"Keys, Sean","815873","2026","37","23",0.167,0.176,-0.00899999999999998,0.278,0.286,-0.007999999999999952,0.204,0.211,-0.007000000000000006
"Delgado, Raynel","669384","2026","36","29",0.273,0.248,0.025000000000000022,0.394,0.333,0.061,0.312,0.277,0.034999999999999976
"Perez, Junior","678577","2026","36","21",0.171,0.206,-0.034999999999999976,0.429,0.516,-0.08700000000000002,0.264,0.312,-0.04799999999999999
"Jiménez, Eloy","650391","2026","35","25",0.29,0.214,0.07599999999999998,0.29,0.289,0.0010000000000000009,0.289,0.256,0.032999999999999974
"Encarnacion, Jerar","666464","2026","35","26",0.176,0.19,-0.014000000000000012,0.206,0.266,-0.060000000000000026,0.183,0.21,-0.026999999999999996
"Locklear, Tyler","682988","2026","35","25",0.276,0.266,0.010000000000000009,0.448,0.477,-0.02899999999999997,0.358,0.365,-0.007000000000000006
"Helman, Michael","680737","2026","35","26",0.167,0.147,0.020000000000000018,0.3,0.208,0.092,0.239,0.2,0.03899999999999998
"Williams, Carson","700246","2026","35","22",0.094,0.156,-0.062,0.125,0.206,-0.08099999999999999,0.13,0.189,-0.059
"McGuire, Reese","624512","2026","34","21",0.172,0.186,-0.014000000000000012,0.172,0.215,-0.04300000000000001,0.221,0.242,-0.02099999999999999
"Stevens, Chad","677060","2026","34","16",0.036,0.117,-0.08100000000000002,0.036,0.186,-0.15,0.129,0.209,-0.07999999999999999
"Huff, Sam","669087","2026","34","14",0.121,0.099,0.021999999999999992,0.182,0.184,-0.0020000000000000018,0.147,0.137,0.009999999999999981
"Murray, Tanner","695020","2026","33","23",0.214,0.191,0.022999999999999993,0.321,0.39,-0.069,0.255,0.275,-0.020000000000000018
"Higgins, P.J.","664731","2026","32","22",0.231,0.276,-0.04500000000000001,0.269,0.326,-0.056999999999999995,0.245,0.287,-0.04199999999999998
"De La Cruz, Bryan","650559","2026","32","21",0.346,0.272,0.07399999999999995,0.615,0.445,0.16999999999999998,0.423,0.352,0.07100000000000001
"Mastrobuoni, Miles","670156","2026","30","18",0.192,0.145,0.047000000000000014,0.192,0.201,-0.009000000000000008,0.201,0.184,0.017000000000000015
"Nishida, Rikuu","807747","2026","30","25",0.241,0.258,-0.017000000000000015,0.241,0.306,-0.065,0.215,0.247,-0.032
"Cox, Jonah","813841","2026","29","14",0.269,0.223,0.04600000000000001,0.5,0.397,0.10299999999999998,0.325,0.263,0.062
"Basabe, Osleivis","678545","2026","29","24",0.296,0.292,0.0040000000000000036,0.667,0.525,0.14200000000000002,0.403,0.349,0.05400000000000005
"Flores Jr., Rafael","804668","2026","28","17",0.227,0.275,-0.048000000000000015,0.409,0.515,-0.10600000000000004,0.363,0.412,-0.04899999999999999
"Black, Tyler","672012","2026","28","20",0.333,0.17,0.163,0.481,0.229,0.252,0.364,0.191,0.173
"Barger, Addison","680718","2026","28","16",0.045,0.131,-0.08600000000000001,0.091,0.185,-0.094,0.17,0.255,-0.08499999999999999
"Alfonzo, Eliezer","672613","2026","27","25",0.185,0.218,-0.033,0.259,0.301,-0.04199999999999998,0.192,0.223,-0.031
"Fairchild, Stuart","656413","2026","27","5",0.158,0.089,0.069,0.158,0.151,0.007000000000000006,0.307,0.28,0.02699999999999997
"Kemp, Otto","805249","2026","27","15",0.08,0.162,-0.082,0.08,0.221,-0.14100000000000001,0.119,0.205,-0.086
"Robinson, Chuckie","642020","2026","26","21",0.087,0.159,-0.07200000000000001,0.087,0.181,-0.094,0.077,0.149,-0.072
"Kennedy, Buddy","671083","2026","26","12",0.043,0.106,-0.063,0.087,0.137,-0.05000000000000002,0.129,0.174,-0.044999999999999984
"Santana, Carlos","467793","2026","26","16",0.083,0.141,-0.05799999999999998,0.125,0.192,-0.067,0.136,0.187,-0.05099999999999999
"Ibáñez, Andy","628451","2026","26","22",0.087,0.152,-0.065,0.087,0.205,-0.118,0.095,0.164,-0.069
"Clase, Jonatan","682729","2026","25","14",0.273,0.171,0.10200000000000001,0.545,0.267,0.278,0.39,0.247,0.14300000000000002
"McAdoo, Charles","807727","2026","25","19",0.16,0.213,-0.05299999999999999,0.28,0.324,-0.043999999999999984,0.189,0.234,-0.04500000000000001
"Kayfus, CJ","692216","2026","25","14",0.182,0.169,0.012999999999999984,0.364,0.427,-0.063,0.288,0.304,-0.016000000000000014
"Meneses, Joey","608841","2026","25","17",0.15,0.269,-0.11900000000000002,0.15,0.314,-0.164,0.22,0.326,-0.10600000000000001
"Jones, Greg","675659","2026","24","14",0.087,0.174,-0.087,0.087,0.205,-0.118,0.077,0.164,-0.08700000000000001
"Serven, Brian","661531","2026","24","18",0.217,0.245,-0.027999999999999997,0.478,0.458,0.019999999999999962,0.311,0.315,-0.0040000000000000036
"Whitcomb, Shay","694376","2026","24","12",0.13,0.162,-0.032,0.391,0.415,-0.023999999999999966,0.237,0.258,-0.02100000000000002
"Ingle, Cooper","694876","2026","24","9",0.095,0.106,-0.010999999999999996,0.095,0.127,-0.032,0.161,0.175,-0.013999999999999985
"Hicklen, Brewer","676551","2026","23","11",0.368,0.256,0.11199999999999999,0.579,0.405,0.17399999999999993,0.456,0.354,0.10200000000000004
"Prieto, César","693409","2026","23","19",0,0.212,-0.212,0,0.364,-0.364,0,0.243,-0.243
"Brennan, Will","686823","2026","23","20",0.087,0.174,-0.087,0.087,0.238,-0.151,0.077,0.178,-0.10099999999999999
"Alcántara, Kevin","682634","2026","23","12",0.238,0.252,-0.014000000000000012,0.381,0.376,0.0050000000000000044,0.304,0.306,-0.0020000000000000018
"Navarreto, Brian","640459","2026","23","13",0.111,0.128,-0.017,0.167,0.176,-0.00899999999999998,0.205,0.215,-0.010000000000000009
"Moore, Christian","695681","2026","22","10",0.2,0.188,0.01200000000000001,0.2,0.241,-0.04099999999999998,0.193,0.202,-0.009000000000000008
"Murphy, Sean","669221","2026","22","12",0.091,0.139,-0.048000000000000015,0.091,0.159,-0.068,0.081,0.13,-0.049
"Salazar, César","663967","2026","22","15",0.056,0.237,-0.181,0.056,0.328,-0.272,0.169,0.328,-0.159
"Matos, Luis","682641","2026","21","13",0.2,0.099,0.101,0.2,0.136,0.064,0.203,0.13,0.07300000000000001
"Ortiz, Abimelec","694673","2026","20","15",0.211,0.251,-0.04000000000000001,0.421,0.541,-0.12000000000000005,0.289,0.35,-0.061
"Candelario, Jeimer","600869","2026","20","10",0.111,0.167,-0.05600000000000001,0.222,0.213,0.009000000000000008,0.197,0.218,-0.02099999999999999
"Garcia, Aramis","605244","2026","19","13",0.158,0.198,-0.04000000000000001,0.316,0.415,-0.09899999999999998,0.201,0.259,-0.057999999999999996
"Fedko, Kyler","693459","2026","19","9",0,0.097,-0.097,0,0.136,-0.136,0.073,0.166,-0.09300000000000001
"Hernández, Enrique","571771","2026","19","15",0.263,0.226,0.037000000000000005,0.526,0.416,0.11000000000000004,0.334,0.273,0.061
"Azócar, José","640492","2026","18","13",0.353,0.282,0.07100000000000001,0.471,0.345,0.126,0.376,0.298,0.07800000000000001
"Freeman, Cody","683227","2026","18","12",0.235,0.142,0.093,0.235,0.161,0.07399999999999998,0.236,0.164,0.07199999999999998
"Johnson, Daniel","669288","2026","17","11",0.143,0.28,-0.13700000000000004,0.143,0.32,-0.17700000000000002,0.23,0.341,-0.11100000000000002
"Genao, Angel","694197","2026","17","15",0.438,0.313,0.125,0.625,0.489,0.136,0.477,0.368,0.10899999999999999
"Senger, Hayden","663584","2026","17","13",0.133,0.15,-0.016999999999999987,0.333,0.281,0.05199999999999999,0.196,0.181,0.015000000000000013
"Maile, Luke","571912","2026","16","10",0.267,0.185,0.08200000000000002,0.533,0.276,0.257,0.361,0.229,0.13199999999999998
"Lombard Jr., George","806146","2026","16","9",0.385,0.264,0.121,0.846,0.479,0.367,0.553,0.388,0.16500000000000004
"Farmer, Kyle","571657","2026","16","12",0.267,0.264,0.0030000000000000027,0.333,0.304,0.029000000000000026,0.246,0.238,0.008000000000000007
"Rodríguez, Johnathan","671286","2026","15","6",0.182,0.138,0.043999999999999984,0.273,0.235,0.038000000000000034,0.283,0.297,-0.014000000000000012
"Simon, Ronny","682927","2026","15","14",0.286,0.267,0.01899999999999996,0.357,0.333,0.023999999999999966,0.308,0.293,0.015000000000000013
"Velazquez, Andrew","623205","2026","15","13",0.067,0.167,-0.1,0.067,0.2,-0.133,0.059,0.16,-0.101
"Mountcastle, Ryan","663624","2026","15","12",0.286,0.279,0.006999999999999951,0.357,0.348,0.009000000000000008,0.308,0.301,0.007000000000000006
"Moore, Dylan","664238","2026","15","6",0,0.096,-0.096,0,0.178,-0.178,0.14,0.233,-0.093
"Johnson, Ivan","671155","2026","14","6",0.083,0.08,0.0030000000000000027,0.083,0.135,-0.052000000000000005,0.163,0.178,-0.014999999999999986
"Mancini, Trey","641820","2026","14","11",0.308,0.241,0.067,0.462,0.322,0.14,0.304,0.282,0.02200000000000002
"Pham, Tommy","502054","2026","14","6",0,0.099,-0.099,0,0.117,-0.117,0.05,0.137,-0.08700000000000001
"Price, Collin","805672","2026","13","6",0.167,0.259,-0.092,0.25,0.361,-0.11099999999999999,0.219,0.302,-0.08299999999999999
"Bruján, Vidal","660644","2026","13","11",0.091,0.164,-0.07300000000000001,0.091,0.231,-0.14,0.132,0.213,-0.08099999999999999
"Rodríguez, Héctor","699302","2026","12","8",0.2,0.249,-0.04899999999999999,0.3,0.283,0.017000000000000015,0.295,0.311,-0.016000000000000014
"Ornelas, Jonathan","680716","2026","12","5",0.182,0.159,0.022999999999999993,0.182,0.18,0.0020000000000000018,0.206,0.192,0.013999999999999985
"Dunn, Oliver","686554","2026","12","8",0.091,0.174,-0.08299999999999999,0.091,0.192,-0.101,0.132,0.207,-0.07499999999999998
"Morabito, Nick","703492","2026","12","2",0,0.126,-0.126,0,0.156,-0.156,0.061,0.173,-0.11199999999999999
"Cabrera, Oswaldo","665828","2026","11","7",0,0.158,-0.158,0,0.187,-0.187,0,0.148,-0.148
"Tellez, Rowdy","642133","2026","11","7",0.2,0.339,-0.139,0.5,0.828,-0.32799999999999996,0.33,0.506,-0.176
"Bateman, Brett","703520","2026","10","6",0.125,0.167,-0.04200000000000001,0.25,0.287,-0.03699999999999998,0.266,0.294,-0.02799999999999997
"Bliss, Ryan","669208","2026","10","6",0.125,0.203,-0.07800000000000001,0.125,0.295,-0.16999999999999998,0.159,0.27,-0.11100000000000002
"Dean, Justin","681909","2026","10","4",0.375,0.266,0.10899999999999999,0.625,0.324,0.301,0.477,0.345,0.132
"Solak, Nick","669256","2026","10","8",0.143,0.26,-0.11700000000000002,0.143,0.502,-0.359,0.232,0.373,-0.141
"Harris, Brett","695391","2026","9","4",0,0.089,-0.089,0,0.105,-0.105,0.239,0.299,-0.06
"Franklin, Christian","681047","2026","9","5",0.125,0.128,-0.0030000000000000027,0.25,0.161,0.089,0.218,0.188,0.03
"Leonard, Eddys","678760","2026","8","6",0.25,0.3,-0.04999999999999999,0.375,0.386,-0.01100000000000001,0.269,0.299,-0.02999999999999997
"Culpepper, Kaelen","701785","2026","8","4",0.2,0.223,-0.022999999999999993,0.8,0.482,0.31800000000000006,0.525,0.455,0.07
"Jung, Jace","690291","2026","8","5",0.167,0.287,-0.11999999999999997,0.167,0.387,-0.22,0.286,0.392,-0.10600000000000004
"Furman, Nate","801501","2026","8","5",0,0.129,-0.129,0,0.163,-0.163,0.174,0.27,-0.09600000000000003
"Ritter, Ryan","690022","2026","7","4",0.143,0.167,-0.02400000000000002,0.143,0.214,-0.07100000000000001,0.127,0.166,-0.03900000000000001
"Oliva, Jared","666931","2026","7","6",0.143,0.322,-0.17900000000000002,0.143,0.379,-0.23600000000000002,0.127,0.308,-0.181
"De Los Santos, Deyvison","691277","2026","7","4",0.286,0.201,0.08499999999999996,0.429,0.314,0.11499999999999999,0.307,0.221,0.086
"Berroa, Steward","672642","2026","7","3",0.143,0.226,-0.08300000000000002,0.143,0.27,-0.12700000000000003,0.127,0.211,-0.08399999999999999
"Pache, Cristian","665506","2026","6","2",0,0.097,-0.097,0,0.108,-0.108,0,0.09,-0.09
"Wilson, Will","669717","2026","6","4",0.2,0.212,-0.011999999999999983,0.8,0.762,0.038000000000000034,0.457,0.451,0.006000000000000005
"Porter, Logan","682515","2026","6","2",0.25,0.269,-0.019000000000000017,0.5,0.363,0.137,0.443,0.414,0.029000000000000026
"Stefanic, Michael","683021","2026","5","4",0.4,0.253,0.14700000000000002,0.4,0.28,0.12,0.356,0.232,0.12399999999999997
"Baker, Luken","663609","2026","5","2",0.2,0.132,0.068,0.2,0.15,0.05000000000000002,0.178,0.123,0.05499999999999999
"Piper, Kenny","700652","2026","5","4",0.25,0.091,0.159,0.25,0.117,0.133,0.317,0.214,0.10300000000000001
"Ross, Shawn","676566","2026","5","3",0.2,0.226,-0.025999999999999995,0.8,0.84,-0.039999999999999925,0.409,0.428,-0.019000000000000017
"Cruz, Trei","669360","2026","5","2",0,0.096,-0.096,0,0.127,-0.127,0,0.097,-0.097
"Wendzel, Davis","673995","2026","4","4",0,0.224,-0.224,0,0.307,-0.307,0,0.23,-0.23
"Triantos, James","701649","2026","4","3",0.25,0.18,0.07,0.25,0.201,0.04899999999999999,0.222,0.166,0.055999999999999994
"Gonzalez, Gabriel","694224","2026","4","2",0.5,0.154,0.346,0.5,0.166,0.33399999999999996,0.571,0.422,0.14899999999999997
"Carlson, Dylan","666185","2026","4","2",0,0.067,-0.067,0,0.096,-0.096,0,0.07,-0.07
"Kingery, Scott","664068","2026","4","4",0.25,0.167,0.08299999999999999,0.25,0.19,0.06,0.222,0.156,0.066
"Martinez, Omar","683079","2026","3","2",0.333,0.116,0.21700000000000003,0.333,0.136,0.197,0.296,0.111,0.185
"Pinckney, Andrew","687605","2026","2","2",0.5,0.474,0.026000000000000023,2,1.236,0.764,1.023,0.719,0.30399999999999994
"Quero, Jeferson","691620","2026","2","1",0,0.306,-0.306,0,0.355,-0.355,0.349,0.494,-0.14500000000000002
"Rortvedt, Ben","666163","2026","2","2",0,0.112,-0.112,0,0.124,-0.124,0,0.106,-0.106
"Camargo, Jair","665856","2026","2","1",0.5,0.322,0.178,1,0.648,0.352,0.63,0.407,0.22300000000000003
"Vásquez, Randy","681190","2026","1","1",0,0.049,-0.049,0,0.05,-0.05,0,0.044,-0.044
"Siani, Michael","672279","2026","1","1",0,0.302,-0.302,0,0.353,-0.353,0,0.292,-0.292
"Mederos, Victor","682989","2026","1","1",1,0.583,0.41700000000000004,1,0.664,0.33599999999999997,0.889,0.543,0.346
"Mikolas, Miles","571945","2026","1","1",,,,,,,,,