#,Name,Team,W,L,SV,G,GS,IP,K/9,BB/9,HR/9,BABIP,LOB%,GB%,HR/FB,vFA (pi),ERA,xERA,FIP,xFIP,WAR
1,Jacob Misiorowski,MIL,9,4,0,17,17,104.0,13.50,2.34,0.61,.235,81.8%,46.1%,9.9%,100.4,1.47,2.09,1.97,2.13,4.3
2,Cristopher Sánchez,PHI,10,3,0,18,18,117.0,10.46,1.77,0.62,.314,83.2%,58.5%,9.6%,,2.00,2.91,2.32,2.50,4.3
3,Dylan Cease,TOR,5,4,0,16,16,90.1,13.65,4.08,0.50,.326,76.7%,44.0%,7.8%,97.8,2.79,2.88,2.26,2.61,3.3
4,Cam Schlittler,NYY,8,5,0,18,18,104.0,10.64,1.82,0.87,.268,80.9%,41.6%,9.4%,97.8,2.08,3.15,2.69,2.98,3.2
5,Joe Ryan,MIN,6,5,0,19,19,104.1,10.52,1.98,0.86,.288,70.0%,37.1%,7.9%,93.8,3.36,3.08,2.82,3.42,3.1
6,Ranger Suarez,BOS,4,3,0,17,17,91.1,9.56,2.56,0.49,.305,73.3%,40.4%,6.0%,91.8,3.15,3.29,2.62,3.29,3.0
7,Shohei Ohtani,LAD,8,2,0,14,14,85.2,9.98,2.73,0.42,.244,81.1%,51.2%,5.7%,98.1,1.79,2.69,2.62,3.25,3.0
8,Reid Detmers,LAA,3,6,0,18,18,104.2,10.06,2.92,0.77,.272,64.2%,35.8%,7.3%,94.3,4.13,3.18,3.08,3.76,2.9
9,Jesús Luzardo,PHI,7,4,0,18,18,103.1,10.89,2.87,0.78,.337,70.7%,49.8%,11.5%,97.3,3.75,3.06,2.96,2.97,2.9
10,Parker Messick,CLE,7,5,0,18,18,106.0,9.25,2.72,0.76,.272,78.3%,43.3%,8.9%,93.8,2.80,3.21,3.09,3.43,2.9
11,Braxton Ashcraft,PIT,9,3,0,18,18,108.1,10.14,2.08,1.00,.299,75.8%,44.7%,11.5%,97.2,3.24,3.16,3.16,3.17,2.9
12,Chase Burns,CIN,10,1,0,17,17,97.2,10.69,2.86,1.11,.268,89.6%,36.7%,11.3%,97.9,2.40,3.02,3.28,3.33,2.9
13,Bryan Woo,SEA,7,6,0,17,17,99.1,8.79,1.72,0.82,.273,61.7%,36.6%,7.1%,95.9,4.17,3.34,3.00,3.76,2.7
14,Paul Skenes,PIT,6,8,0,18,18,97.0,11.04,2.04,1.02,.275,65.8%,40.7%,10.8%,97.0,3.62,2.76,3.03,3.15,2.7
15,Davis Martin,CHW,9,3,0,17,17,96.1,8.41,2.71,0.56,.321,78.9%,43.5%,6.7%,94.1,3.08,4.04,3.08,3.67,2.7
16,Yoshinobu Yamamoto,LAD,9,5,0,16,16,104.2,8.60,1.81,0.95,.228,81.7%,48.9%,12.1%,96.0,2.49,3.33,3.25,3.21,2.7
17,Chris Sale,ATL,9,6,0,16,16,95.0,10.61,2.27,0.76,.310,82.9%,46.1%,9.9%,96.1,2.27,3.45,2.89,3.09,2.6
18,Drew Rasmussen,TBR,7,4,0,17,17,97.0,8.91,1.58,1.02,.237,78.3%,46.1%,12.0%,96.1,2.78,3.17,3.29,3.25,2.4
19,Max Meyer,MIA,9,1,0,18,18,103.0,9.79,3.15,0.87,.261,80.4%,42.3%,9.8%,95.1,2.53,3.75,3.45,3.69,2.3
20,Casey Mize,DET,4,5,0,13,13,71.2,9.04,2.01,0.63,.263,78.1%,33.7%,5.7%,93.9,2.64,3.00,2.72,3.68,2.3
21,Kyle Harrison,MIL,8,1,0,16,16,79.2,11.18,2.26,1.02,.297,84.0%,36.9%,11.3%,95.0,2.82,2.99,3.00,3.05,2.2
22,Logan Gilbert,SEA,7,5,0,18,18,107.1,9.56,1.84,1.17,.250,78.9%,35.1%,11.3%,95.9,3.19,3.61,3.44,3.49,2.2
23,Louis Varland,TOR,3,3,18,42,0,47.0,12.45,2.49,0.19,.304,80.3%,57.3%,3.7%,98.7,0.96,1.98,1.45,2.05,2.2
24,Sandy Alcantara,MIA,10,4,0,19,19,123.2,6.70,2.40,0.87,.295,70.2%,45.0%,9.1%,97.6,4.00,3.77,3.85,4.21,2.2
25,Michael Soroka,ARI,8,3,0,15,15,82.0,8.67,1.87,0.66,.292,77.1%,38.3%,6.8%,93.7,3.07,3.97,2.94,3.62,2.1
26,Justin Wrobleski,LAD,10,2,0,15,14,93.1,6.17,1.74,0.77,.244,79.0%,40.4%,6.8%,94.4,2.80,4.27,3.50,4.30,2.1
27,Jacob deGrom,TEX,7,5,0,17,17,95.2,10.82,1.88,1.51,.258,79.9%,34.2%,14.5%,97.4,3.48,3.43,3.51,3.08,2.1
28,MacKenzie Gore,TEX,5,7,0,18,18,96.0,9.75,3.66,0.84,.291,70.0%,37.3%,8.3%,95.6,4.31,3.86,3.44,3.93,2.1
29,George Kirby,SEA,7,7,0,17,17,104.0,7.88,2.08,0.87,.338,72.8%,49.0%,9.5%,96.8,3.81,3.72,3.36,3.64,2.1
30,Ben Brown,CHC,4,2,1,20,8,68.0,8.60,2.51,0.26,.243,79.1%,44.6%,3.3%,96.4,1.85,3.20,2.51,3.49,2.0
31,Zack Wheeler,PHI,8,1,0,13,13,80.0,9.45,2.25,1.01,.238,87.0%,46.5%,13.0%,95.4,2.36,2.95,3.30,3.14,2.0
32,Nolan McLean,NYM,6,5,0,18,18,101.1,10.48,3.29,0.89,.269,68.5%,47.4%,12.7%,96.3,3.73,3.40,3.51,3.42,2.0
33,Cade Cavalli,WSN,5,4,0,19,19,92.2,10.20,3.01,0.78,.348,70.7%,48.5%,9.5%,96.8,3.88,4.14,3.36,3.61,2.0
34,Max Fried,NYY,4,3,0,10,10,61.2,7.30,2.77,0.15,.250,67.1%,48.8%,1.8%,95.1,3.21,2.61,2.72,3.91,1.9
35,Landen Roupp,SFG,5,8,0,17,17,89.0,10.01,4.04,0.61,.326,65.2%,48.7%,8.1%,92.9,4.55,3.43,3.21,3.60,1.9
36,Michael Wacha,KCR,5,6,0,18,18,114.2,7.14,2.43,1.02,.274,76.6%,39.2%,9.7%,93.2,3.45,4.05,3.91,4.21,1.9
37,Logan Webb,SFG,5,6,0,15,15,93.1,7.52,2.31,0.67,.290,69.8%,50.9%,9.3%,92.5,3.66,3.98,3.31,3.56,1.9
38,Shane McClanahan,TBR,7,5,0,16,16,79.2,8.70,3.16,0.68,.269,71.6%,44.2%,7.2%,95.6,3.05,4.27,3.29,3.89,1.9
39,Nick Martinez,TBR,7,2,0,17,17,100.0,5.49,1.62,0.90,.269,85.3%,33.9%,7.4%,93.0,2.61,4.68,3.82,4.59,1.8
40,Kevin Gausman,TOR,4,7,0,18,18,101.0,8.91,2.14,1.34,.290,72.0%,39.5%,12.1%,94.0,4.19,3.77,3.80,3.74,1.8
41,Dustin May,STL,5,6,0,16,16,84.1,8.32,2.56,0.75,.321,62.6%,44.4%,7.9%,97.0,4.80,3.85,3.37,3.89,1.8
42,Keider Montero,DET,5,5,1,18,15,92.2,5.73,1.94,0.87,.222,71.8%,38.1%,6.5%,94.5,3.21,3.56,3.81,4.81,1.8
43,Shane Baz,BAL,4,8,0,17,17,101.0,7.75,3.48,0.80,.304,68.5%,37.0%,7.4%,96.2,4.19,4.47,3.79,4.47,1.7
44,Sean Burke,CHW,5,4,0,18,14,98.2,9.67,3.01,1.09,.295,78.8%,34.4%,10.3%,94.7,3.56,3.72,3.73,3.95,1.7
45,Will Warren,NYY,7,3,0,17,17,89.1,9.17,2.92,1.01,.311,67.3%,43.1%,10.0%,93.7,3.73,4.05,3.57,3.81,1.7
46,Gavin Williams,CLE,9,4,0,18,18,106.1,10.41,3.05,1.35,.288,74.8%,46.7%,16.7%,96.8,3.89,4.64,3.82,3.24,1.7
47,Sonny Gray,BOS,10,1,0,16,16,89.2,8.23,2.31,1.00,.274,85.2%,47.6%,12.0%,92.0,2.61,3.68,3.60,3.56,1.6
48,Payton Tolle,BOS,4,6,0,13,13,74.1,8.96,2.78,0.97,.263,71.8%,34.3%,8.1%,96.2,3.39,3.20,3.53,4.15,1.6
49,Emerson Hancock,SEA,6,4,0,17,17,97.2,8.48,2.21,1.11,.250,78.9%,41.1%,11.1%,95.5,3.23,4.33,3.68,3.77,1.6
50,Tarik Skubal,DET,4,4,0,11,11,65.2,10.28,1.10,1.23,.270,73.4%,45.7%,17.0%,97.1,3.15,3.26,3.11,2.55,1.6
51,Jacob Latz,TEX,1,1,18,33,1,42.0,9.21,1.93,0.64,.144,82.6%,41.4%,6.7%,94.8,1.71,2.47,2.63,3.33,1.6
52,Michael King,SDP,5,7,0,18,18,102.1,7.74,3.61,0.88,.249,76.1%,46.2%,9.4%,94.0,3.52,4.56,4.10,4.40,1.5
53,José Soriano,LAA,8,5,0,18,18,100.0,9.99,4.41,1.08,.286,79.5%,52.5%,15.4%,97.5,3.42,4.33,4.01,3.63,1.5
54,Adrian Morejon,SDP,6,2,1,41,0,46.0,10.57,2.15,0.59,.311,67.6%,63.1%,13.0%,99.1,3.52,2.59,2.46,2.37,1.5
55,Cade Smith,CLE,2,1,26,38,0,40.1,12.72,2.23,0.67,.347,72.4%,41.8%,8.3%,96.7,2.90,3.52,2.07,2.46,1.5
56,Eduardo Rodriguez,ARI,7,3,0,18,18,108.0,6.17,3.17,0.83,.244,86.5%,40.6%,8.3%,92.0,2.25,4.98,4.00,4.48,1.5
57,Bryce Elder,ATL,5,6,0,17,17,98.2,7.57,2.74,1.09,.274,70.6%,42.7%,11.1%,92.7,4.01,3.60,3.98,4.06,1.5
58,Trevor Rogers,BAL,6,7,0,16,16,84.1,6.94,3.09,0.96,.286,66.4%,36.4%,7.5%,93.4,4.70,4.13,4.02,4.80,1.5
59,Jack Flaherty,DET,2,8,0,17,17,76.1,10.85,4.36,0.94,.324,66.2%,30.8%,7.8%,93.0,4.60,4.30,3.75,4.42,1.5
60,Andre Pallante,STL,10,5,0,17,17,95.0,6.63,2.56,0.85,.280,75.0%,53.9%,10.3%,95.2,3.60,3.68,3.91,4.07,1.4
61,Sean Newcomb,CHW,0,2,3,34,1,52.1,8.77,2.92,0.17,.272,73.4%,50.4%,2.5%,94.6,2.58,3.59,2.67,3.58,1.4
62,Bryce Miller,SEA,4,2,0,9,8,52.2,10.59,0.85,1.20,.204,99.2%,38.1%,12.5%,96.4,1.71,2.10,2.77,2.65,1.4
63,Noah Cameron,KCR,4,6,0,16,16,83.2,8.07,2.69,1.08,.322,65.1%,34.7%,9.6%,92.4,4.95,4.88,3.84,4.17,1.4
64,Taj Bradley,MIN,7,3,0,16,16,88.2,10.35,3.86,1.22,.284,78.6%,33.6%,11.1%,97.0,3.86,3.96,3.92,4.01,1.4
65,Ryan Weathers,NYY,3,7,0,17,17,92.1,10.14,2.63,1.56,.304,70.8%,42.5%,16.7%,96.0,4.29,4.60,4.05,3.38,1.3
66,Brandon Young,BAL,7,2,0,14,14,77.1,7.22,3.49,0.81,.288,71.7%,41.9%,7.2%,94.3,3.38,4.33,3.89,4.61,1.3
67,Grant Taylor,CHW,4,2,3,34,4,45.2,12.81,2.96,0.79,.308,68.3%,43.5%,9.3%,98.3,2.96,2.30,2.39,2.68,1.3
68,Kumar Rocker,TEX,2,7,0,17,15,84.1,7.90,3.42,0.96,.294,75.2%,46.2%,10.1%,94.6,3.95,4.58,3.95,4.17,1.3
69,Nathan Eovaldi,TEX,9,7,0,17,17,105.1,9.40,2.05,1.62,.289,78.1%,49.2%,19.6%,94.6,4.02,4.01,4.22,3.27,1.3
70,Walbert Ureña,LAA,5,7,0,16,14,77.1,8.73,4.77,0.58,.263,74.3%,54.7%,7.5%,97.4,3.03,3.26,3.87,4.35,1.3
71,Kyle Bradish,BAL,5,9,0,18,18,100.2,9.03,4.29,1.07,.303,75.1%,48.4%,12.8%,,3.75,3.89,4.11,3.98,1.3
72,J.T. Ginn,ATH,7,4,0,19,16,94.2,7.80,3.90,0.95,.254,79.2%,47.1%,10.6%,94.1,3.04,4.06,4.18,4.31,1.2
73,Walker Buehler,SDP,5,4,0,17,17,82.0,8.34,3.29,0.99,.318,71.6%,48.3%,12.0%,94.0,4.61,4.44,3.89,3.85,1.2
74,Foster Griffin,WSN,9,2,0,18,18,103.1,8.71,2.26,1.48,.237,84.3%,44.5%,16.5%,91.5,2.87,4.04,4.27,3.65,1.2
75,Trey Yesavage,TOR,4,4,0,13,13,73.1,8.35,3.93,0.86,.212,74.4%,33.3%,7.2%,94.6,3.31,3.10,3.89,4.65,1.2
76,Brandon Woodruff,MIL,2,2,0,9,9,45.1,9.33,1.99,0.99,.207,71.9%,27.0%,7.8%,91.8,2.98,2.83,3.20,3.91,1.2
77,Connor Prielipp,MIN,2,5,0,12,12,61.2,9.49,3.36,0.88,.322,58.8%,41.7%,8.3%,95.5,4.96,4.07,3.63,4.14,1.2
78,Carmen Mlodzinski,PIT,5,3,2,18,9,75.2,7.14,3.09,0.71,.312,73.0%,42.4%,6.7%,95.1,3.33,4.80,3.67,4.42,1.2
79,Seth Lugo,KCR,3,6,0,17,17,96.1,7.10,2.80,1.12,.317,72.8%,37.8%,9.9%,91.8,4.20,5.34,4.15,4.44,1.2
80,Clay Holmes,NYM,4,4,0,9,9,52.2,7.69,3.08,0.51,.250,82.1%,56.0%,7.1%,94.8,2.39,3.89,3.22,3.69,1.2
81,Freddy Peralta,NYM,5,7,0,18,18,95.1,8.69,3.59,1.23,.305,68.7%,42.5%,12.5%,94.3,4.81,3.78,4.27,4.16,1.2
82,Luis Castillo,SEA,3,7,0,17,14,82.2,8.38,2.94,0.98,.300,60.5%,36.7%,8.4%,95.3,4.79,4.55,3.82,4.37,1.2
83,Andrew Alvarez,WSN,2,1,1,11,5,41.1,10.45,3.48,0.44,.364,79.7%,56.0%,10.0%,92.5,3.05,4.07,2.65,2.76,1.2
84,Jake Bennett,BOS,3,3,0,7,7,40.2,6.86,1.55,0.66,.261,73.4%,52.2%,7.7%,93.2,3.10,2.83,3.13,3.63,1.1
85,Shane Drohan,MIL,3,2,1,17,7,57.2,9.21,2.81,0.78,.304,75.4%,42.6%,8.3%,94.8,3.12,3.32,3.18,3.63,1.1
86,Mitch Keller,PIT,6,6,0,18,18,100.1,6.64,2.96,1.08,.285,63.5%,38.1%,10.7%,93.5,5.02,5.36,4.39,4.53,1.1
87,Kyle Leahy,STL,7,4,0,17,17,86.1,7.61,3.44,0.94,.322,79.2%,42.8%,10.3%,94.2,3.86,5.54,4.09,4.27,1.1
88,Brent Headrick,NYY,4,1,0,44,0,43.1,9.76,3.32,0.42,.277,88.7%,33.3%,3.8%,94.2,1.45,3.16,2.65,3.87,1.1
89,Peter Lambert,HOU,7,5,0,14,14,80.0,8.33,3.60,1.13,.238,81.9%,38.1%,10.1%,94.1,3.26,3.54,4.27,4.53,1.0
90,Eury Pérez,MIA,5,6,0,15,15,79.2,10.05,3.62,1.47,.235,73.9%,36.9%,14.0%,98.3,3.84,4.16,4.43,4.08,1.0
91,Michael McGreevy,STL,3,7,0,17,17,95.1,5.66,2.08,1.23,.252,83.1%,44.9%,13.0%,91.7,3.12,5.60,4.32,4.14,1.0
92,Framber Valdez,DET,4,6,0,18,18,100.2,6.97,3.22,0.98,.297,71.4%,51.6%,11.2%,95.1,4.29,4.41,4.29,4.35,1.0
93,Antonio Senzatela,COL,8,0,3,26,0,45.0,7.20,2.80,0.60,.273,73.8%,43.1%,5.8%,97.3,3.00,3.41,3.38,4.26,1.0
94,Janson Junk,MIA,3,5,0,11,11,60.0,6.45,1.95,1.20,.300,66.4%,43.2%,10.7%,94.5,4.80,4.03,4.11,4.27,1.0
95,Carlos Rodón,NYY,4,2,0,9,9,46.1,10.10,5.05,0.58,.259,71.2%,40.4%,6.8%,94.3,3.30,3.63,3.46,4.06,1.0
96,Shota Imanaga,CHC,5,7,0,18,18,103.0,8.74,2.27,1.83,.249,76.2%,37.8%,16.5%,91.9,4.28,3.66,4.66,3.89,1.0
97,Joey Cantillo,CLE,7,3,0,18,18,91.0,8.80,4.35,1.19,.288,76.0%,41.2%,11.9%,92.0,3.86,4.22,4.38,4.36,0.9
98,Emmet Sheehan,LAD,4,6,0,16,16,77.0,10.05,2.92,1.75,.293,74.4%,35.1%,15.6%,94.6,4.91,3.93,4.58,3.94,0.9
99,Aaron Ashby,MIL,12,1,0,42,1,52.2,11.96,4.78,0.68,.328,74.9%,52.3%,9.8%,97.4,3.25,3.08,3.15,3.34,0.9
100,Andrew Morris,MIN,4,2,2,32,2,41.0,9.44,2.85,0.44,.345,68.3%,44.8%,4.5%,96.7,3.73,2.97,2.74,3.74,0.9
101,Slade Cecconi,CLE,4,6,0,18,18,95.1,6.89,2.83,1.23,.307,73.9%,46.4%,12.0%,93.4,4.44,4.50,4.39,4.34,0.9
102,Gage Jump,ATH,3,3,0,8,8,43.0,8.58,2.72,0.84,.325,74.9%,37.1%,7.8%,96.3,3.98,3.93,3.53,4.12,0.9
103,Trevor McDonald,SFG,3,6,0,11,11,57.0,7.89,3.00,0.63,.283,65.4%,56.9%,10.0%,94.3,4.42,3.89,3.74,3.89,0.9
104,Bubba Chandler,PIT,3,8,0,18,17,89.2,7.93,5.22,1.00,.264,66.7%,36.7%,8.8%,98.5,4.82,4.27,4.70,5.19,0.8
105,Chad Patrick,MIL,5,4,4,26,6,68.2,7.47,3.54,0.92,.268,77.1%,36.1%,8.0%,95.1,3.54,4.24,3.95,4.58,0.8
106,Spencer Miles,TOR,4,1,0,24,2,54.0,9.17,2.83,0.67,.248,73.4%,55.2%,10.8%,96.1,2.83,3.30,2.98,3.06,0.8
107,Kris Bubic,KCR,3,2,0,9,9,50.1,9.12,4.65,0.72,.256,69.7%,43.8%,8.2%,92.1,4.11,4.50,3.73,4.17,0.8
108,Tyler Rogers,TOR,1,2,2,42,0,40.2,4.65,2.88,0.00,.265,69.4%,64.9%,0.0%,,1.77,2.70,3.04,4.04,0.8
109,Aaron Nola,PHI,3,6,0,18,18,92.0,9.20,2.84,1.86,.328,67.3%,39.7%,16.5%,92.4,5.87,4.25,4.73,3.94,0.8
110,Andrew Abbott,CIN,5,4,0,18,18,95.0,6.92,4.26,1.42,.273,80.2%,40.5%,12.3%,92.7,3.88,4.87,5.05,4.94,0.8
111,Michael Lorenzen,COL,3,9,0,19,18,86.0,7.01,3.35,1.36,.374,62.3%,45.3%,12.4%,94.1,6.91,5.58,4.81,4.70,0.8
112,Rhett Lowder,CIN,3,6,0,14,13,65.2,7.68,4.52,1.10,.307,71.4%,42.2%,10.3%,93.4,5.07,5.45,4.63,4.85,0.8
113,Jack Perkins,ATH,2,4,3,23,6,54.2,11.52,3.46,1.32,.345,57.5%,34.6%,11.9%,96.3,6.75,4.06,3.99,3.95,0.7
114,Ryan Feltner,COL,3,2,0,12,12,59.0,6.71,3.05,1.37,.253,69.5%,44.4%,13.4%,94.7,4.27,4.89,4.67,4.41,0.7
115,Spencer Arrighetti,HOU,7,4,0,14,14,78.0,9.12,4.38,1.15,.249,77.4%,38.8%,12.2%,92.4,3.81,4.70,4.64,4.57,0.7
116,David Peterson,2 Tms,4,7,1,18,10,77.1,7.91,3.84,0.93,.352,57.1%,47.6%,10.5%,92.3,6.75,5.12,4.09,4.24,0.7
117,Connelly Early,BOS,7,5,0,17,17,91.2,9.13,3.34,1.47,.276,86.4%,42.6%,15.2%,94.2,3.44,4.30,4.62,4.13,0.7
118,Jake Irvin,WSN,2,4,0,11,11,51.2,10.10,3.83,1.22,.304,63.4%,39.7%,11.9%,93.0,5.23,5.20,4.25,4.22,0.7
119,Tyler Wells,BAL,1,1,2,32,0,41.2,9.29,2.16,1.08,.271,73.7%,26.6%,9.1%,93.5,3.02,3.65,3.40,3.84,0.7
120,Sean Manaea,NYM,1,4,0,19,5,68.0,9.00,3.04,1.06,.316,65.7%,39.3%,10.4%,90.7,5.16,4.13,4.01,4.20,0.6
121,Kyle Freeland,COL,2,7,0,15,15,77.0,7.95,2.10,1.87,.359,60.6%,39.3%,15.0%,91.5,7.25,5.57,4.94,4.35,0.6
122,Anthony Kay,CHW,6,3,0,18,16,84.0,7.18,3.54,1.18,.286,75.5%,43.7%,11.8%,95.9,4.39,5.23,4.93,4.91,0.6
123,Luis Severino,ATH,2,6,0,12,12,62.2,9.34,4.45,1.29,.317,74.9%,44.4%,14.1%,97.2,4.16,4.22,4.48,4.17,0.6
124,Eric Orze,MIN,2,2,1,35,0,41.0,7.68,4.17,0.22,.318,61.7%,42.2%,2.2%,93.1,5.27,3.99,3.26,4.64,0.6
125,Steven Okert,HOU,1,1,0,43,1,43.1,8.52,2.49,1.04,.198,84.8%,25.7%,7.6%,91.4,2.49,2.72,3.69,4.50,0.6
126,Bailey Ober,MIN,6,3,0,12,12,66.2,6.21,2.43,1.62,.251,71.0%,34.4%,11.7%,89.1,4.59,4.37,4.97,4.98,0.6
127,Martín Pérez,ATL,6,6,0,18,14,81.1,6.86,3.54,1.11,.242,77.6%,46.8%,13.5%,90.1,3.54,4.58,4.44,4.22,0.6
128,Huascar Brazobán,NYM,4,2,0,36,6,42.0,8.36,4.07,0.64,.215,74.2%,54.1%,9.4%,96.9,3.00,2.76,3.61,3.84,0.6
129,Jack Leiter,TEX,3,7,0,15,15,80.0,9.34,3.94,1.58,.301,69.4%,36.6%,14.9%,97.0,5.29,4.79,4.77,4.28,0.6
130,Ian Seymour,TBR,5,1,2,31,4,56.0,9.64,3.38,1.29,.232,70.1%,30.5%,10.8%,91.7,4.02,3.33,4.11,4.26,0.6
131,José Suarez,3 Tms,1,2,1,28,1,45.1,9.53,4.37,0.60,.375,71.0%,41.9%,7.0%,93.0,4.76,3.89,3.51,4.09,0.5
132,Christian Scott,NYM,2,1,0,11,11,49.0,11.02,4.59,1.29,.291,83.3%,28.3%,13.5%,95.5,3.49,4.75,4.36,4.11,0.5
133,Tim Mayza,PHI,2,2,0,35,3,40.2,8.85,1.77,0.89,.269,76.9%,52.7%,12.9%,95.1,2.88,3.16,3.09,2.96,0.5
134,Tanner Bibee,CLE,2,9,0,19,19,106.1,7.11,2.54,1.69,.241,76.8%,39.3%,15.9%,94.1,4.06,4.77,4.88,4.23,0.5
135,Kevin Kelly,TBR,5,3,4,38,0,41.0,6.59,1.54,0.88,.225,77.2%,61.7%,19.0%,93.2,2.41,4.12,3.57,3.08,0.5
136,Stephen Kolek,KCR,4,3,0,10,10,54.0,5.67,2.00,1.33,.280,67.5%,45.7%,14.0%,94.3,4.50,3.80,4.55,4.23,0.5
137,Gerrit Cole,NYY,3,3,0,8,8,42.2,8.65,2.11,1.69,.275,80.9%,34.1%,12.9%,96.7,4.01,3.41,4.40,4.17,0.5
138,Robbie Ray,SFG,8,6,0,18,17,101.2,7.61,4.07,1.33,.234,76.9%,33.2%,11.0%,93.5,3.45,4.53,4.69,4.81,0.5
139,Tyler Mahle,SFG,1,8,0,14,14,71.0,8.75,3.68,1.52,.328,67.3%,43.2%,15.0%,92.4,5.70,4.15,4.59,4.10,0.5
140,Patrick Corbin,TOR,2,4,1,16,15,74.0,6.93,2.92,1.34,.329,73.8%,37.8%,12.8%,91.4,5.11,5.58,4.72,4.55,0.5
141,Brent Suter,LAA,1,2,0,33,2,51.0,7.59,2.47,0.88,.316,60.0%,48.0%,12.2%,,4.59,4.15,3.52,3.47,0.4
142,Chase Dollander,COL,3,3,0,10,3,44.0,9.61,3.68,1.23,.287,79.5%,49.6%,13.3%,99.0,3.89,3.91,4.18,3.96,0.4
143,Reynaldo López,ATL,4,1,0,20,7,51.2,8.01,3.83,1.05,.271,75.5%,35.8%,9.5%,94.3,3.31,4.61,4.17,4.52,0.4
144,Juan Mejia,COL,1,6,3,36,1,40.0,9.68,4.95,0.90,.348,61.9%,45.2%,10.0%,97.4,6.08,4.21,4.06,4.28,0.4
145,Troy Melton,DET,4,1,0,7,7,44.0,6.55,2.05,1.43,.155,99.3%,42.3%,13.5%,96.1,2.05,3.07,4.54,4.27,0.4
146,Nick Lodolo,CIN,3,2,0,11,11,57.2,7.18,3.75,1.25,.306,77.0%,43.4%,13.1%,94.1,4.68,6.10,5.03,4.84,0.4
147,Tomoyuki Sugano,COL,8,4,0,16,16,84.1,5.12,2.45,1.71,.268,72.8%,35.9%,12.9%,92.3,4.80,6.98,5.33,5.09,0.4
148,Brandon Sproat,MIL,3,4,0,17,15,79.0,9.57,4.22,1.59,.292,73.1%,43.0%,17.9%,96.8,5.13,4.71,4.92,4.12,0.4
149,Randy Vásquez,SDP,6,6,0,17,16,84.0,6.43,2.89,1.50,.321,74.0%,35.0%,11.3%,94.9,4.71,7.10,4.92,4.99,0.3
150,Drew Anderson,DET,3,3,2,32,2,53.2,11.07,3.35,1.51,.313,74.5%,46.8%,17.3%,95.9,4.36,3.28,4.06,3.35,0.3
151,Paul Blackburn,NYY,2,1,0,29,1,43.1,6.44,2.91,0.62,.264,83.3%,57.5%,8.1%,94.7,2.28,3.59,3.62,4.01,0.3
152,Noah Schultz,CHW,2,5,0,9,9,43.0,8.37,5.44,1.05,.243,60.0%,36.8%,9.4%,95.6,5.86,5.46,4.85,5.21,0.3
153,AJ Blubaugh,HOU,4,2,0,34,0,56.1,8.47,4.63,0.80,.236,76.2%,33.8%,6.8%,95.7,3.36,4.03,3.98,4.79,0.3
154,Hogan Harris,ATH,3,0,6,43,0,40.0,11.70,5.85,0.90,.327,82.8%,47.5%,10.8%,95.3,3.38,3.15,4.06,4.16,0.3
155,Jack Kochanowicz,LAA,2,5,0,13,13,64.0,6.61,5.06,0.98,.289,61.3%,56.8%,11.5%,96.4,6.19,5.54,4.99,5.01,0.3
156,Chris Bassitt,BAL,4,4,0,12,10,56.1,5.91,3.51,0.96,.340,72.1%,46.4%,10.0%,91.5,5.27,5.03,4.78,5.01,0.3
157,Lake Bachar,MIA,1,0,1,30,4,47.0,9.38,3.64,1.15,.224,72.4%,37.0%,10.0%,94.8,3.83,3.41,4.09,4.37,0.3
158,Brock Burke,CIN,3,4,1,44,0,42.1,7.65,5.53,0.64,.243,68.8%,40.2%,6.0%,96.3,2.98,4.54,4.24,5.12,0.3
159,Colin Rea,CHC,6,5,1,18,14,89.1,6.85,3.43,1.31,.297,74.5%,44.3%,12.0%,93.8,4.74,5.48,4.86,4.80,0.3
160,Tatsuya Imai,HOU,5,4,0,12,12,48.1,11.17,5.59,1.49,.292,65.8%,44.5%,18.6%,95.0,6.14,4.85,4.89,4.09,0.3
161,Luinder Avila,KCR,4,3,0,17,8,51.2,8.19,5.40,0.87,.329,71.1%,45.1%,8.8%,96.1,5.05,4.50,4.41,4.82,0.3
162,Tyler Phillips,MIA,1,3,2,23,7,69.0,6.78,4.17,1.04,.270,79.0%,46.2%,11.0%,96.4,3.52,4.79,4.54,4.64,0.3
163,Jose Quintana,COL,2,3,0,9,9,41.0,4.39,3.73,1.32,.285,65.9%,34.3%,9.0%,89.9,5.27,5.01,5.35,5.93,0.3
164,Wandy Peralta,SDP,1,1,0,39,4,46.1,5.83,3.69,0.58,.290,87.0%,48.6%,7.1%,96.4,2.33,4.18,4.02,4.55,0.2
165,Ryan Zeferjahn,LAA,4,3,2,35,0,40.2,12.39,6.86,0.66,.217,71.2%,42.4%,9.1%,97.6,3.98,3.31,4.12,4.39,0.2
166,Griffin Jax,TBR,4,5,0,23,12,60.0,8.70,3.00,1.65,.285,73.1%,44.0%,19.0%,96.5,3.45,5.38,4.61,3.69,0.2
167,Edward Cabrera,CHC,5,4,0,14,14,72.1,8.09,3.61,1.74,.290,68.0%,42.9%,19.2%,96.2,5.10,4.83,5.07,4.09,0.2
168,Tyler Holton,DET,1,4,0,38,2,40.0,7.43,2.25,1.13,.331,76.0%,48.0%,13.5%,91.8,3.38,3.76,3.99,3.76,0.2
169,Zebby Matthews,MIN,4,5,0,10,10,61.0,7.52,2.36,1.92,.251,78.5%,39.1%,16.7%,95.2,4.43,4.47,5.09,4.26,0.2
170,Kai-Wei Teng,HOU,4,6,0,23,10,64.0,8.86,3.94,1.41,.285,73.8%,40.9%,14.9%,93.5,4.36,4.58,4.81,4.37,0.2
171,Chris Paddack,3 Tms,0,7,0,14,9,57.0,6.32,3.00,1.42,.340,62.8%,38.4%,11.7%,93.1,6.79,4.98,4.86,4.86,0.2
172,Matthew Liberatore,STL,4,6,0,18,18,87.2,8.42,3.59,1.75,.325,70.9%,35.7%,15.6%,94.4,5.34,5.47,5.09,4.46,0.2
173,Roki Sasaki,LAD,3,5,0,15,15,75.0,9.00,3.84,2.04,.280,74.2%,43.3%,19.5%,97.6,5.40,4.76,5.54,4.35,0.2
174,Yoendrys Gómez,2 Tms,0,0,9,36,0,41.1,7.84,3.92,1.31,.243,77.3%,26.9%,9.1%,95.5,3.70,5.18,4.78,5.32,0.2
175,Cal Quantrill,TEX,3,1,0,18,3,40.1,6.02,2.68,1.12,.248,73.3%,31.0%,8.2%,94.1,3.35,4.85,4.65,5.33,0.2
176,Yohan Ramírez,PIT,5,2,1,38,0,48.2,10.36,5.55,0.74,.282,76.7%,50.4%,11.8%,96.6,3.51,3.72,4.28,4.27,0.1
177,Justin Bruihl,STL,0,0,0,38,0,40.0,6.53,3.38,0.45,.302,68.1%,49.6%,5.7%,91.9,3.60,4.26,3.96,4.64,0.1
178,Brad Lord,WSN,5,2,1,27,1,58.0,8.07,3.26,1.09,.264,75.5%,59.5%,16.3%,94.6,3.88,4.17,4.23,3.79,0.1
179,JT Brubaker,SFG,0,0,0,28,0,43.2,6.18,4.12,0.62,.236,75.3%,34.9%,5.0%,93.3,2.89,4.56,4.00,5.20,0.1
180,Aaron Civale,ATH,5,6,0,15,15,72.1,6.72,2.74,1.99,.326,79.1%,27.5%,13.4%,91.7,5.10,5.17,5.49,5.11,0.1
181,Griffin Canning,SDP,1,6,0,12,9,51.0,8.82,5.29,1.41,.321,63.2%,44.1%,14.3%,94.3,6.71,4.79,5.07,4.70,0.1
182,Tanner Gordon,COL,0,2,0,11,4,45.1,9.13,1.99,2.18,.375,66.6%,34.7%,15.9%,93.2,6.95,4.84,5.03,4.19,0.1
183,Grant Holmes,ATL,5,4,0,17,16,82.1,7.76,4.15,1.64,.252,82.6%,41.7%,15.5%,94.3,3.83,4.58,5.21,4.63,0.0
184,Braydon Fisher,TOR,3,3,1,43,6,46.0,9.00,4.11,1.17,.222,71.7%,45.1%,14.0%,94.8,3.33,3.88,4.31,4.03,0.0
185,Tobias Myers,NYM,0,2,1,24,3,42.0,6.86,2.57,1.71,.297,57.7%,33.6%,13.8%,92.8,6.21,4.04,4.92,4.54,0.0
186,Steven Matz,TBR,4,4,0,15,10,53.0,6.96,3.23,1.87,.278,62.1%,36.1%,16.7%,,6.28,5.81,5.39,4.59,0.0
187,Andrew Painter,PHI,1,8,0,14,12,65.0,7.34,3.32,1.94,.341,65.6%,38.9%,15.4%,96.6,7.06,5.15,5.53,4.85,0.0
188,Ryan Watson,BOS,0,0,1,29,0,47.2,6.80,3.40,1.32,.273,73.4%,35.4%,11.5%,94.3,4.72,6.30,4.83,4.86,0.0
189,Brady Singer,CIN,3,8,0,17,17,82.1,7.76,3.28,2.19,.312,78.1%,41.9%,19.6%,90.8,5.03,5.54,5.86,4.58,0.0
190,Brayan Bello,BOS,2,6,0,12,8,61.0,6.49,3.54,1.48,.335,62.9%,49.8%,16.7%,94.8,6.34,6.22,5.03,4.39,0.0
191,Zac Gallen,ARI,3,8,0,18,18,92.0,5.48,2.74,1.66,.320,62.8%,44.8%,14.4%,93.5,6.36,6.32,5.34,4.88,-0.1
192,Ryne Nelson,ARI,3,5,0,15,15,83.1,6.70,2.38,1.94,.254,66.4%,32.5%,13.7%,96.3,4.97,5.21,5.40,4.98,-0.1
193,Zach Agnos,COL,0,2,2,23,2,53.1,6.24,3.88,1.35,.322,57.1%,35.6%,10.5%,94.6,7.09,5.77,5.14,5.35,-0.1
194,Justin Sterner,ATH,2,3,1,42,0,40.2,8.85,1.99,1.99,.269,78.5%,41.1%,18.4%,93.8,3.98,2.86,4.68,3.64,-0.1
195,Mike Burrows,HOU,4,8,0,17,16,90.1,7.17,3.29,1.89,.311,71.4%,37.5%,15.4%,95.1,5.58,4.58,5.48,4.81,-0.1
196,JR Ritchie,ATL,1,2,1,9,7,43.2,8.45,5.36,1.44,.254,73.0%,44.6%,16.3%,94.6,4.53,4.61,5.38,4.79,-0.1
197,Javier Assad,CHC,6,1,0,14,7,56.1,5.27,2.40,1.60,.224,75.5%,42.8%,14.5%,93.3,4.15,4.64,5.10,4.65,-0.1
198,Kyle Finnegan,DET,2,0,1,38,0,40.1,6.92,5.58,0.89,.288,92.1%,46.0%,8.7%,96.6,2.23,4.34,4.72,5.16,-0.2
199,Adrian Houser,SFG,2,6,0,17,14,74.1,6.05,3.15,1.57,.296,68.2%,42.2%,13.8%,95.6,5.33,5.40,5.25,4.90,-0.2
200,Brandon Pfaadt,ARI,1,1,0,14,4,43.1,6.85,3.74,1.66,.273,66.3%,49.3%,16.3%,93.3,5.40,4.94,5.44,4.76,-0.2
201,Erick Fedde,CHW,4,6,0,18,9,85.0,6.04,3.60,1.59,.278,75.2%,38.7%,13.6%,94.0,4.34,4.69,5.37,5.04,-0.2
202,Jeffrey Springs,ATH,3,8,0,18,18,93.1,7.71,3.18,2.31,.269,66.7%,33.8%,17.8%,91.6,5.79,4.62,5.86,4.72,-0.3
203,Jacob Lopez,ATH,4,3,0,12,10,50.2,6.75,5.86,1.95,.304,69.6%,31.8%,12.9%,90.9,6.75,3.98,6.39,6.11,-0.3
204,Ron Marinaccio,SDP,1,0,0,28,0,42.0,7.29,3.86,1.71,.294,77.7%,44.1%,16.0%,93.8,4.93,4.87,5.47,4.80,-0.3
205,Simeon Woods Richardson,2 Tms,1,7,0,15,10,57.2,4.84,4.99,1.40,.314,63.1%,37.2%,10.5%,93.0,6.40,5.91,5.83,6.07,-0.3
206,Gordon Graceffo,STL,6,1,1,35,0,40.1,4.02,4.24,0.89,.186,72.5%,44.6%,7.5%,95.6,3.35,6.29,5.07,5.77,-0.4
207,Eric Lauer,2 Tms,4,5,0,14,11,70.2,5.60,3.18,2.17,.226,78.9%,32.1%,15.0%,90.8,4.84,5.07,6.10,5.40,-0.5
208,Miles Mikolas,WSN,2,7,0,18,7,84.1,5.02,1.81,1.92,.269,63.2%,44.0%,16.5%,93.5,5.44,4.79,5.37,4.56,-0.5
209,Merrill Kelly,ARI,6,8,0,15,15,86.2,5.50,3.63,1.97,.291,74.3%,37.9%,15.8%,92.0,5.71,7.79,6.02,5.27,-0.7
210,Jameson Taillon,CHC,2,5,0,13,13,67.2,7.85,3.06,2.66,.246,80.6%,34.7%,19.8%,91.9,5.19,5.47,6.32,4.74,-0.7
211,Zack Littell,WSN,7,6,0,18,12,86.0,5.44,2.72,2.30,.243,71.3%,33.9%,16.2%,91.7,5.02,6.52,6.20,5.28,-0.8
