name,team,bats,throws,stamped,source
Corbin Carroll,ARI,L,,2026-09-29,fangraphs_platoon
Gabriel Moreno,ARI,R,,2026-09-29,fangraphs_platoon
Geraldo Perdomo,ARI,S,,2026-09-29,fangraphs_platoon
Ildemaro Vargas,ARI,S,,2026-09-29,fangraphs_platoon
Jordan Lawlar,ARI,R,,2026-09-29,fangraphs_platoon
Jose Fernandez,ARI,R,,2026-09-29,fangraphs_platoon
Ketel Marte,ARI,S,,2026-09-29,fangraphs_platoon
Lars Nootbaar,ARI,L,,2026-09-29,fangraphs_platoon
Nolan Arenado,ARI,R,,2026-09-29,fangraphs_platoon
Pavin Smith,ARI,L,,2026-09-29,fangraphs_platoon
Tim Tawa,ARI,R,,2026-09-29,fangraphs_platoon
Alika Williams,ATH,R,,2026-09-29,fangraphs_platoon
Carlos Cortes,ATH,L,,2026-09-29,fangraphs_platoon
Denzel Clarke,ATH,R,,2026-09-29,fangraphs_platoon
Donovan Walton,ATH,L,,2026-09-29,fangraphs_platoon
Henry Bolte,ATH,R,,2026-09-29,fangraphs_platoon
Jeff McNeil,ATH,L,,2026-09-29,fangraphs_platoon
Jonah Heim,ATH,S,,2026-09-29,fangraphs_platoon
Joshua Kuroda-Grauer,ATH,R,,2026-09-29,fangraphs_platoon
Lawrence Butler,ATH,L,,2026-09-29,fangraphs_platoon
Shea Langeliers,ATH,R,,2026-09-29,fangraphs_platoon
Tommy White,ATH,R,,2026-09-29,fangraphs_platoon
Zack Gelof,ATH,R,,2026-09-29,fangraphs_platoon
Austin Riley,ATL,R,,2026-09-29,fangraphs_platoon
Drake Baldwin,ATL,L,,2026-09-29,fangraphs_platoon
Ha-Seong Kim,ATL,R,,2026-09-29,fangraphs_platoon
Matt Olson,ATL,L,,2026-09-29,fangraphs_platoon
Mauricio Dubón,ATL,R,,2026-09-29,fangraphs_platoon
Michael Harris II,ATL,L,,2026-09-29,fangraphs_platoon
Mike Yastrzemski,ATL,L,,2026-09-29,fangraphs_platoon
Ozzie Albies,ATL,S,,2026-09-29,fangraphs_platoon
Ronald Acuña Jr.,ATL,R,,2026-09-29,fangraphs_platoon
Sean Murphy,ATL,R,,2026-09-29,fangraphs_platoon
Carlos Narváez,BAL,R,,2026-09-29,fangraphs_platoon
Christian Encarnacion-Strand,BAL,R,,2026-09-29,fangraphs_platoon
Christian Franklin,BAL,R,,2026-09-29,fangraphs_platoon
Coby Mayo,BAL,R,,2026-09-29,fangraphs_platoon
Colton Cowser,BAL,L,,2026-09-29,fangraphs_platoon
Dylan Beavers,BAL,L,,2026-09-29,fangraphs_platoon
Gunnar Henderson,BAL,L,,2026-09-29,fangraphs_platoon
Jeremiah Jackson,BAL,R,,2026-09-29,fangraphs_platoon
Leody Taveras,BAL,S,,2026-09-29,fangraphs_platoon
Pete Alonso,BAL,R,,2026-09-29,fangraphs_platoon
Rece Hinds,BAL,R,,2026-09-29,fangraphs_platoon
Adley Rutschman,BOS,S,,2026-09-29,fangraphs_platoon
Caleb Durbin,BOS,R,,2026-09-29,fangraphs_platoon
Ceddanne Rafaela,BOS,R,,2026-09-29,fangraphs_platoon
Jahmai Jones,BOS,R,,2026-09-29,fangraphs_platoon
Jarren Duran,BOS,L,,2026-09-29,fangraphs_platoon
Nick Sogard,BOS,S,,2026-09-29,fangraphs_platoon
Roman Anthony,BOS,L,,2026-09-29,fangraphs_platoon
Trevor Story,BOS,R,,2026-09-29,fangraphs_platoon
Willson Contreras,BOS,R,,2026-09-29,fangraphs_platoon
Wilyer Abreu,BOS,L,,2026-09-29,fangraphs_platoon
Alex Bregman,CHC,R,,2026-09-29,fangraphs_platoon
Carson Kelly,CHC,R,,2026-09-29,fangraphs_platoon
Dansby Swanson,CHC,R,,2026-09-29,fangraphs_platoon
Ian Happ,CHC,S,,2026-09-29,fangraphs_platoon
Matt Shaw,CHC,R,,2026-09-29,fangraphs_platoon
Michael Busch,CHC,L,,2026-09-29,fangraphs_platoon
Michael Conforto,CHC,L,,2026-09-29,fangraphs_platoon
Nico Hoerner,CHC,R,,2026-09-29,fangraphs_platoon
Pete Crow-Armstrong,CHC,L,,2026-09-29,fangraphs_platoon
Seiya Suzuki,CHC,R,,2026-09-29,fangraphs_platoon
Tyrone Taylor,CHC,R,,2026-09-29,fangraphs_platoon
Carlos Jorge,CIN,L,,2026-09-29,fangraphs_platoon
Dane Myers,CIN,R,,2026-09-29,fangraphs_platoon
Elly De La Cruz,CIN,S,,2026-09-29,fangraphs_platoon
Eugenio Suárez,CIN,R,,2026-09-29,fangraphs_platoon
Héctor Rodríguez,CIN,L,,2026-09-29,fangraphs_platoon
JJ Bleday,CIN,L,,2026-09-29,fangraphs_platoon
Juan Brito,CIN,S,,2026-09-29,fangraphs_platoon
Ke'Bryan Hayes,CIN,R,,2026-09-29,fangraphs_platoon
Matt McLain,CIN,R,,2026-09-29,fangraphs_platoon
Sal Stewart,CIN,R,,2026-09-29,fangraphs_platoon
Tyler Stephenson,CIN,R,,2026-09-29,fangraphs_platoon
Angel Martínez,CLE,S,,2026-09-29,fangraphs_platoon
Austin Hedges,CLE,R,,2026-09-29,fangraphs_platoon
Brayan Rocchio,CLE,S,,2026-09-29,fangraphs_platoon
Chase DeLauter,CLE,L,,2026-09-29,fangraphs_platoon
David Fry,CLE,R,,2026-09-29,fangraphs_platoon
Jo Adell,CLE,R,,2026-09-29,fangraphs_platoon
José Ramírez,CLE,S,,2026-09-29,fangraphs_platoon
Nathaniel Lowe,CLE,L,,2026-09-29,fangraphs_platoon
Patrick Bailey,CLE,S,,2026-09-29,fangraphs_platoon
Steven Kwan,CLE,L,,2026-09-29,fangraphs_platoon
Travis Bazzana,CLE,L,,2026-09-29,fangraphs_platoon
Adael Amador,COL,S,,2026-09-29,fangraphs_platoon
Cole Carrigg,COL,S,,2026-09-29,fangraphs_platoon
Connor Norby,COL,R,,2026-09-29,fangraphs_platoon
Ezequiel Tovar,COL,R,,2026-09-29,fangraphs_platoon
Hunter Goodman,COL,R,,2026-09-29,fangraphs_platoon
Jake McCarthy,COL,L,,2026-09-29,fangraphs_platoon
Jordan Beck,COL,R,,2026-09-29,fangraphs_platoon
Kyle Karros,COL,R,,2026-09-29,fangraphs_platoon
Mickey Moniak,COL,L,,2026-09-29,fangraphs_platoon
TJ Rumfield,COL,L,,2026-09-29,fangraphs_platoon
Zac Veen,COL,L,,2026-09-29,fangraphs_platoon
Andrew Benintendi,CWS,L,,2026-09-29,fangraphs_platoon
Braden Montgomery,CWS,S,,2026-09-29,fangraphs_platoon
Brenton Doyle,CWS,R,,2026-09-29,fangraphs_platoon
Chase Meidroth,CWS,R,,2026-09-29,fangraphs_platoon
Colson Montgomery,CWS,L,,2026-09-29,fangraphs_platoon
Kyle Teel,CWS,L,,2026-09-29,fangraphs_platoon
Miguel Vargas,CWS,R,,2026-09-29,fangraphs_platoon
Munetaka Murakami,CWS,L,,2026-09-29,fangraphs_platoon
Randal Grichuk,CWS,R,,2026-09-29,fangraphs_platoon
Sam Antonacci,CWS,L,,2026-09-29,fangraphs_platoon
Tommy Pham,CWS,R,,2026-09-29,fangraphs_platoon
Tristan Peters,CWS,L,,2026-09-29,fangraphs_platoon
Ben Malgeri,DET,R,,2026-09-29,fangraphs_platoon
Brett Callahan,DET,L,,2026-09-29,fangraphs_platoon
Dillon Dingler,DET,R,,2026-09-29,fangraphs_platoon
Eduardo Valencia,DET,R,,2026-09-29,fangraphs_platoon
Hao-Yu Lee,DET,R,,2026-09-29,fangraphs_platoon
John Peck,DET,R,,2026-09-29,fangraphs_platoon
Kevin McGonigle,DET,L,,2026-09-29,fangraphs_platoon
Max Clark,DET,L,,2026-09-29,fangraphs_platoon
Riley Greene,DET,L,,2026-09-29,fangraphs_platoon
Spencer Torkelson,DET,R,,2026-09-29,fangraphs_platoon
Cam Smith,HOU,R,,2026-09-29,fangraphs_platoon
Christian Walker,HOU,R,,2026-09-29,fangraphs_platoon
Isaac Paredes,HOU,R,,2026-09-29,fangraphs_platoon
Jeremy Peña,HOU,R,,2026-09-29,fangraphs_platoon
Jose Altuve,HOU,R,,2026-09-29,fangraphs_platoon
Lucas Spence,HOU,L,,2026-09-29,fangraphs_platoon
Nelson Velázquez,HOU,R,,2026-09-29,fangraphs_platoon
Taylor Trammell,HOU,L,,2026-09-29,fangraphs_platoon
Yainer Diaz,HOU,R,,2026-09-29,fangraphs_platoon
Yordan Alvarez,HOU,L,,2026-09-29,fangraphs_platoon
Bobby Witt Jr.,KC,R,,2026-09-29,fangraphs_platoon
Carter Jensen,KC,L,,2026-09-29,fangraphs_platoon
Isaac Collins,KC,S,,2026-09-29,fangraphs_platoon
Jac Caglianone,KC,L,,2026-09-29,fangraphs_platoon
Kyle Isbel,KC,L,,2026-09-29,fangraphs_platoon
Maikel Garcia,KC,R,,2026-09-29,fangraphs_platoon
Michael Massey,KC,L,,2026-09-29,fangraphs_platoon
Salvador Perez,KC,R,,2026-09-29,fangraphs_platoon
Vinnie Pasquantino,KC,L,,2026-09-29,fangraphs_platoon
Bryce Teodosio,LAA,R,,2026-09-29,fangraphs_platoon
Christian Moore,LAA,R,,2026-09-29,fangraphs_platoon
Denzer Guzman,LAA,R,,2026-09-29,fangraphs_platoon
Jose Siri,LAA,R,,2026-09-29,fangraphs_platoon
Josh Lowe,LAA,L,,2026-09-29,fangraphs_platoon
Mike Trout,LAA,R,,2026-09-29,fangraphs_platoon
Moisés Ballesteros,LAA,L,,2026-09-29,fangraphs_platoon
Tyler Heineman,LAA,S,,2026-09-29,fangraphs_platoon
Vaughn Grissom,LAA,R,,2026-09-29,fangraphs_platoon
Wade Meckler,LAA,L,,2026-09-29,fangraphs_platoon
Zach Neto,LAA,R,,2026-09-29,fangraphs_platoon
Andy Pages,LAD,R,,2026-09-29,fangraphs_platoon
Freddie Freeman,LAD,L,,2026-09-29,fangraphs_platoon
Kyle Tucker,LAD,L,,2026-09-29,fangraphs_platoon
Max Muncy,LAD,L,,2026-09-29,fangraphs_platoon
Mookie Betts,LAD,R,,2026-09-29,fangraphs_platoon
Shohei Ohtani,LAD,L,,2026-09-29,fangraphs_platoon
Teoscar Hernández,LAD,R,,2026-09-29,fangraphs_platoon
Tommy Edman,LAD,S,,2026-09-29,fangraphs_platoon
Will Smith,LAD,R,,2026-09-29,fangraphs_platoon
Agustín Ramírez,MIA,R,,2026-09-29,fangraphs_platoon
Esteury Ruiz,MIA,R,,2026-09-29,fangraphs_platoon
Griffin Conine,MIA,L,,2026-09-29,fangraphs_platoon
Heriberto Hernández,MIA,R,,2026-09-29,fangraphs_platoon
Jakob Marsee,MIA,L,,2026-09-29,fangraphs_platoon
Javier Sanoja,MIA,R,,2026-09-29,fangraphs_platoon
Joe Mack,MIA,L,,2026-09-29,fangraphs_platoon
Kyle Stowers,MIA,L,,2026-09-29,fangraphs_platoon
Otto Lopez,MIA,R,,2026-09-29,fangraphs_platoon
Xavier Edwards,MIA,S,,2026-09-29,fangraphs_platoon
Brice Turang,MIL,L,,2026-09-29,fangraphs_platoon
Christian Yelich,MIL,L,,2026-09-29,fangraphs_platoon
Cooper Pratt,MIL,R,,2026-09-29,fangraphs_platoon
Garrett Mitchell,MIL,L,,2026-09-29,fangraphs_platoon
Gary Sánchez,MIL,R,,2026-09-29,fangraphs_platoon
Jackson Chourio,MIL,R,,2026-09-29,fangraphs_platoon
Jake Bauers,MIL,L,,2026-09-29,fangraphs_platoon
Joey Ortiz,MIL,R,,2026-09-29,fangraphs_platoon
Luis Lara,MIL,S,,2026-09-29,fangraphs_platoon
Sal Frelick,MIL,L,,2026-09-29,fangraphs_platoon
William Contreras,MIL,R,,2026-09-29,fangraphs_platoon
Aaron Sabato,MIN,R,,2026-09-29,fangraphs_platoon
Austin Martin,MIN,R,,2026-09-29,fangraphs_platoon
Brooks Lee,MIN,S,,2026-09-29,fangraphs_platoon
Emmanuel Rodriguez,MIN,L,,2026-09-29,fangraphs_platoon
Josh Bell,MIN,S,,2026-09-29,fangraphs_platoon
Kaelen Culpepper,MIN,R,,2026-09-29,fangraphs_platoon
Kody Clemens,MIN,L,,2026-09-29,fangraphs_platoon
Luke Keaschall,MIN,R,,2026-09-29,fangraphs_platoon
Royce Lewis,MIN,R,,2026-09-29,fangraphs_platoon
Ryan Jeffers,MIN,R,,2026-09-29,fangraphs_platoon
Walker Jenkins,MIN,L,,2026-09-29,fangraphs_platoon
A.J. Ewing,NYM,L,,2026-09-29,fangraphs_platoon
Bo Bichette,NYM,R,,2026-09-29,fangraphs_platoon
Brett Baty,NYM,L,,2026-09-29,fangraphs_platoon
Carson Benge,NYM,L,,2026-09-29,fangraphs_platoon
Francisco Alvarez,NYM,R,,2026-09-29,fangraphs_platoon
Francisco Lindor,NYM,S,,2026-09-29,fangraphs_platoon
Juan Soto,NYM,L,,2026-09-29,fangraphs_platoon
Luis Torrens,NYM,R,,2026-09-29,fangraphs_platoon
Marcus Semien,NYM,R,,2026-09-29,fangraphs_platoon
Mark Vientos,NYM,R,,2026-09-29,fangraphs_platoon
Ronny Mauricio,NYM,S,,2026-09-29,fangraphs_platoon
Amed Rosario,NYY,R,,2026-09-29,fangraphs_platoon
Anthony Volpe,NYY,R,,2026-09-29,fangraphs_platoon
Austin Wells,NYY,L,,2026-09-29,fangraphs_platoon
Ben Rice,NYY,L,,2026-09-29,fangraphs_platoon
Cody Bellinger,NYY,L,,2026-09-29,fangraphs_platoon
George Lombard Jr.,NYY,R,,2026-09-29,fangraphs_platoon
Heliot Ramos,NYY,R,,2026-09-29,fangraphs_platoon
Jazz Chisholm Jr.,NYY,L,,2026-09-29,fangraphs_platoon
Luis García Jr.,NYY,L,,2026-09-29,fangraphs_platoon
Paul Goldschmidt,NYY,R,,2026-09-29,fangraphs_platoon
Ryan McMahon,NYY,L,,2026-09-29,fangraphs_platoon
Spencer Jones,NYY,L,,2026-09-29,fangraphs_platoon
Trent Grisham,NYY,L,,2026-09-29,fangraphs_platoon
Alec Bohm,PHI,R,,2026-09-29,fangraphs_platoon
Brandon Marsh,PHI,L,,2026-09-29,fangraphs_platoon
Bryan De La Cruz,PHI,R,,2026-09-29,fangraphs_platoon
Bryce Harper,PHI,L,,2026-09-29,fangraphs_platoon
Bryson Stott,PHI,L,,2026-09-29,fangraphs_platoon
Derek Hill,PHI,R,,2026-09-29,fangraphs_platoon
Edmundo Sosa,PHI,R,,2026-09-29,fangraphs_platoon
J.T. Realmuto,PHI,R,,2026-09-29,fangraphs_platoon
Justin Crawford,PHI,L,,2026-09-29,fangraphs_platoon
Kyle Schwarber,PHI,L,,2026-09-29,fangraphs_platoon
Trea Turner,PHI,R,,2026-09-29,fangraphs_platoon
Brandon Lowe,PIT,L,,2026-09-29,fangraphs_platoon
Bryan Reynolds,PIT,S,,2026-09-29,fangraphs_platoon
Jake Mangum,PIT,S,,2026-09-29,fangraphs_platoon
Jared Triolo,PIT,R,,2026-09-29,fangraphs_platoon
Konnor Griffin,PIT,R,,2026-09-29,fangraphs_platoon
Nick Gonzales,PIT,R,,2026-09-29,fangraphs_platoon
Oneil Cruz,PIT,L,,2026-09-29,fangraphs_platoon
Rafael Flores Jr.,PIT,R,,2026-09-29,fangraphs_platoon
Ryan O'Hearn,PIT,L,,2026-09-29,fangraphs_platoon
Spencer Horwitz,PIT,L,,2026-09-29,fangraphs_platoon
Austin Hays,SD,R,,2026-09-29,fangraphs_platoon
Dustin Harris,SD,L,,2026-09-29,fangraphs_platoon
Ethan Salas,SD,L,,2026-09-29,fangraphs_platoon
Fernando Tatis Jr.,SD,R,,2026-09-29,fangraphs_platoon
Gavin Sheets,SD,L,,2026-09-29,fangraphs_platoon
Jackson Merrill,SD,L,,2026-09-29,fangraphs_platoon
Jake Cronenworth,SD,L,,2026-09-29,fangraphs_platoon
Luis Campusano,SD,R,,2026-09-29,fangraphs_platoon
Manny Machado,SD,R,,2026-09-29,fangraphs_platoon
Samad Taylor,SD,R,,2026-09-29,fangraphs_platoon
Ty France,SD,R,,2026-09-29,fangraphs_platoon
Xander Bogaerts,SD,R,,2026-09-29,fangraphs_platoon
Cal Raleigh,SEA,S,,2026-09-29,fangraphs_platoon
Cole Young,SEA,L,,2026-09-29,fangraphs_platoon
Dominic Canzone,SEA,L,,2026-09-29,fangraphs_platoon
J.P. Crawford,SEA,L,,2026-09-29,fangraphs_platoon
Josh Naylor,SEA,L,,2026-09-29,fangraphs_platoon
Julio Rodríguez,SEA,R,,2026-09-29,fangraphs_platoon
Lazaro Montes,SEA,L,,2026-09-29,fangraphs_platoon
Leo Rivas,SEA,S,,2026-09-29,fangraphs_platoon
Michael Arroyo,SEA,R,,2026-09-29,fangraphs_platoon
Randy Arozarena,SEA,R,,2026-09-29,fangraphs_platoon
Weston Wilson,SEA,R,,2026-09-29,fangraphs_platoon
Andrew Knizner,SF,R,,2026-09-29,fangraphs_platoon
Bo Davidson,SF,L,,2026-09-29,fangraphs_platoon
Brett Harris,SF,R,,2026-09-29,fangraphs_platoon
Christian Koss,SF,R,,2026-09-29,fangraphs_platoon
Drew Cavanaugh,SF,L,,2026-09-29,fangraphs_platoon
Drew Gilbert,SF,L,,2026-09-29,fangraphs_platoon
Jonah Cox,SF,R,,2026-09-29,fangraphs_platoon
Marcelo Mayer,SF,L,,2026-09-29,fangraphs_platoon
Osleivis Basabe,SF,R,,2026-09-29,fangraphs_platoon
Scott Bandura,SF,L,,2026-09-29,fangraphs_platoon
Shay Whitcomb,SF,R,,2026-09-29,fangraphs_platoon
Victor Bericoto,SF,R,,2026-09-29,fangraphs_platoon
Alec Burleson,STL,L,,2026-09-29,fangraphs_platoon
Bryan Torres,STL,L,,2026-09-29,fangraphs_platoon
Iván Herrera,STL,R,,2026-09-29,fangraphs_platoon
JJ Wetherholt,STL,L,,2026-09-29,fangraphs_platoon
Jordan Walker,STL,R,,2026-09-29,fangraphs_platoon
José Fermín,STL,R,,2026-09-29,fangraphs_platoon
Leo Bernal,STL,S,,2026-09-29,fangraphs_platoon
Masyn Winn,STL,R,,2026-09-29,fangraphs_platoon
Nathan Church,STL,L,,2026-09-29,fangraphs_platoon
Thomas Saggese,STL,R,,2026-09-29,fangraphs_platoon
Cedric Mullins,TB,L,,2026-09-29,fangraphs_platoon
Chandler Simpson,TB,L,,2026-09-29,fangraphs_platoon
Jonathan Aranda,TB,L,,2026-09-29,fangraphs_platoon
Jonny DeLuca,TB,R,,2026-09-29,fangraphs_platoon
Junior Caminero,TB,R,,2026-09-29,fangraphs_platoon
Liam Hicks,TB,L,,2026-09-29,fangraphs_platoon
Nick Fortes,TB,R,,2026-09-29,fangraphs_platoon
Richie Palacios,TB,L,,2026-09-29,fangraphs_platoon
Ryan Vilade,TB,R,,2026-09-29,fangraphs_platoon
Taylor Walls,TB,S,,2026-09-29,fangraphs_platoon
Victor Mesa Jr.,TB,L,,2026-09-29,fangraphs_platoon
Yandy Díaz,TB,R,,2026-09-29,fangraphs_platoon
Alejandro Osuna,TEX,L,,2026-09-29,fangraphs_platoon
Brandon Nimmo,TEX,L,,2026-09-29,fangraphs_platoon
Cody Freeman,TEX,R,,2026-09-29,fangraphs_platoon
Corey Seager,TEX,L,,2026-09-29,fangraphs_platoon
Danny Jansen,TEX,R,,2026-09-29,fangraphs_platoon
Elias Díaz,TEX,R,,2026-09-29,fangraphs_platoon
Evan Carter,TEX,L,,2026-09-29,fangraphs_platoon
Ezequiel Duran,TEX,R,,2026-09-29,fangraphs_platoon
Jake Burger,TEX,R,,2026-09-29,fangraphs_platoon
Justin Foscue,TEX,R,,2026-09-29,fangraphs_platoon
Nicky Lopez,TEX,L,,2026-09-29,fangraphs_platoon
Wyatt Langford,TEX,R,,2026-09-29,fangraphs_platoon
Alejandro Kirk,TOR,R,,2026-09-29,fangraphs_platoon
Andrés Giménez,TOR,L,,2026-09-29,fangraphs_platoon
Brett Bateman,TOR,L,,2026-09-29,fangraphs_platoon
Charles McAdoo,TOR,R,,2026-09-29,fangraphs_platoon
Ernie Clement,TOR,R,,2026-09-29,fangraphs_platoon
George Springer,TOR,R,,2026-09-29,fangraphs_platoon
Josh Smith,TOR,L,,2026-09-29,fangraphs_platoon
Kazuma Okamoto,TOR,R,,2026-09-29,fangraphs_platoon
Myles Straw,TOR,R,,2026-09-29,fangraphs_platoon
Nathan Lukes,TOR,L,,2026-09-29,fangraphs_platoon
Vladimir Guerrero Jr.,TOR,R,,2026-09-29,fangraphs_platoon
Andrés Chaparro,WSH,R,,2026-09-29,fangraphs_platoon
Brady House,WSH,R,,2026-09-29,fangraphs_platoon
CJ Abrams,WSH,L,,2026-09-29,fangraphs_platoon
Daylen Lile,WSH,L,,2026-09-29,fangraphs_platoon
Dylan Crews,WSH,R,,2026-09-29,fangraphs_platoon
Harry Ford,WSH,R,,2026-09-29,fangraphs_platoon
Jacob Young,WSH,R,,2026-09-29,fangraphs_platoon
James Wood,WSH,L,,2026-09-29,fangraphs_platoon
Jorbit Vivas,WSH,L,,2026-09-29,fangraphs_platoon
Keibert Ruiz,WSH,S,,2026-09-29,fangraphs_platoon
Nasim Nuñez,WSH,S,,2026-09-29,fangraphs_platoon
Yohandy Morales,WSH,R,,2026-09-29,fangraphs_platoon
