Name,MLBAM_ID,Team,G,GS,IP,TBF,SO,K/9
Tanner Andrews,681084,Toronto Blue Jays,2,0,3.0000,11,1,3.0000
Ty Blach,621389,Chicago Cubs,1,0,3.0000,9,2,6.0000
Tyler Callihan,682997,Pittsburgh Pirates,4,0,3.0000,15,1,3.0000
Eiberson Castellano,682769,Colorado Rockies,1,0,3.0000,12,2,6.0000
Brendan Cellucci,676454,Toronto Blue Jays,6,0,8.6667,30,11,11.4231
Jose Espada,664744,Baltimore Orioles,1,0,1.0000,4,0,0.0000
Rafael Flores Jr.,804668,Pittsburgh Pirates,1,0,1.0000,5,0,0.0000
Josiah Gray,680686,Washington Nationals,3,0,4.0000,15,2,4.5000
Sam Haggerty,664059,Texas Rangers,1,0,1.0000,3,0,0.0000
Kevin Herget,643361,New York Mets,1,0,1.0000,3,0,0.0000
Enrique Hernández,571771,Los Angeles Dodgers,1,0,1.0000,4,0,0.0000
Welinton Herrera,700327,Colorado Rockies,3,0,2.3333,10,2,7.7143
P.J. Higgins,664731,Cincinnati Reds,1,0,1.0000,3,1,9.0000
Grant Holman,680880,Philadelphia Phillies,1,0,0.3333,7,0,0.0000
Troy Johnston,687859,Colorado Rockies,2,0,2.0000,9,0,0.0000
Antoine Kelly,681520,Chicago Cubs,1,0,1.3333,4,1,6.7500
Brooks Kriske,621139,Athletics,2,0,2.6667,11,2,6.7500
Luke Maile,571912,Kansas City Royals,1,0,1.0000,3,0,0.0000
Reese McGuire,624512,Chicago White Sox,1,0,1.0000,3,0,0.0000
Jake Meyers,676694,Houston Astros,1,0,1.0000,3,0,0.0000
Noah Murdock,668716,Pittsburgh Pirates,3,0,3.3333,15,4,10.8000
José Rodríguez,692064,Toronto Blue Jays,4,0,4.6667,16,5,9.6429
Jake Rogers,668670,Detroit Tigers,3,0,2.3333,12,3,11.5714
Josh Rojas,668942,Kansas City Royals,1,0,1.0000,4,0,0.0000
Dylan Ross,697811,New York Mets,1,0,1.0000,3,0,0.0000
Yacksel Ríos,605441,Chicago Cubs,1,0,1.6667,5,2,10.8000
Clarke Schmidt,657376,New York Yankees,1,0,0.6667,4,2,27.0000
Max Schuemann,680474,New York Yankees,1,0,1.0000,5,0,0.0000
Zack Short,670097,New York Mets,1,0,1.0000,3,0,0.0000
Garrett Stallings,668831,Milwaukee Brewers,6,0,14.0000,51,17,10.9286
Gary Sánchez,596142,Milwaukee Brewers,2,0,2.0000,10,0,0.0000
Bryan Torres,663494,St. Louis Cardinals,1,0,2.0000,8,0,0.0000
Vince Velasquez,592826,Chicago Cubs,2,0,3.3333,11,1,2.7000
Cameron Weston,687721,Baltimore Orioles,1,0,1.0000,3,1,9.0000
Guillo Zuñiga,670871,New York Mets,1,0,1.0000,4,1,9.0000
Matt Brash,666374,Seattle Mariners,20,0,16.6667,64,15,8.1000
Anthony Gose,543238,Kansas City Royals,14,0,13.6667,51,7,4.6098
Derek Law,571882,Arizona Diamondbacks,7,1,9.0000,34,5,5.0000
Josh Hader,623352,Houston Astros,45,0,44.6667,167,55,11.0821
Robert Suarez,663158,Atlanta Braves,33,0,34.0000,130,26,6.8824
Wyatt Olds,681544,Boston Red Sox,14,0,15.6667,68,20,11.4894
Alimber Santa,695001,Houston Astros,10,0,15.3333,59,9,5.2826
Louis Varland,686973,Toronto Blue Jays,71,0,78.0000,307,97,11.1923
Hagen Smith,696146,Chicago White Sox,18,1,28.0000,110,41,13.1786
Brian Fitzpatrick,702153,Milwaukee Brewers,5,0,6.6667,30,5,6.7500
Marco Gonzales,594835,Texas Rangers,3,0,6.6667,29,3,4.0500
Kervin Castro,665645,New York Yankees,5,0,6.3333,23,8,11.3684
Logan VanWey,701121,Houston Astros,10,0,12.6667,46,9,6.3947
Bryan Baker,641329,Tampa Bay Rays,65,0,62.3333,244,63,9.0963
Ray Kerr,678061,Atlanta Braves,9,1,18.3333,66,11,5.4000
Carl Edwards Jr.,605218,New York Mets,2,0,6.0000,25,11,16.5000
Ricky Tiedemann,694357,Toronto Blue Jays,5,0,6.0000,29,8,12.0000
Nate Lavender,681320,New York Mets,21,0,21.6667,79,26,10.8000
Mason Miller,695243,San Diego Padres,66,0,70.0000,272,129,16.5857
Paul Blackburn,621112,New York Yankees,62,2,85.0000,336,69,7.3059
Garrett Whitlock,676477,Boston Red Sox,54,0,52.3333,198,59,10.1465
Tyler Rogers,643511,Toronto Blue Jays,74,0,71.0000,294,40,5.0704
Shohei Ohtani,660271,Los Angeles Dodgers,14,14,85.6667,340,95,9.9805
Jacob Misiorowski,694819,Milwaukee Brewers,30,30,174.6667,665,252,12.9847
Jhoan Duran,661395,Philadelphia Phillies,61,0,59.3333,236,84,12.7416
Yuki Matsui,673513,San Diego Padres,54,0,64.0000,260,68,9.5625
Ben Brown,676962,Chicago Cubs,20,8,68.0000,265,65,8.6029
James Karinchak,675916,Atlanta Braves,9,0,9.6667,37,8,7.4483
Blake Snell,605483,Los Angeles Dodgers,9,9,42.6667,173,55,11.6016
DL Hall,669084,Milwaukee Brewers,47,1,61.3333,241,64,9.3913
Alec Gamboa,687941,Boston Red Sox,21,3,33.0000,132,23,6.2727
Aroldis Chapman,547973,Boston Red Sox,53,0,51.6667,213,71,12.3677
Luis De León,801725,Baltimore Orioles,8,0,9.3333,36,6,5.7857
Brandyn Garcia,805299,Arizona Diamondbacks,57,0,51.3333,192,60,10.5195
Cade Smith,671922,Cleveland Guardians,69,0,74.0000,295,107,13.0135
Cam Schlittler,693645,New York Yankees,33,33,193.6667,761,239,11.1067
Abner Uribe,682842,Milwaukee Brewers,61,0,59.3333,234,62,9.4045
Cam Booser,592155,Tampa Bay Rays,42,0,41.0000,152,45,9.8780
Justin Martinez,679885,Arizona Diamondbacks,15,0,13.3333,55,18,12.1500
Yerry De los Santos,660787,New York Yankees,16,0,22.0000,94,17,6.9545
Juan Burgos,686228,Arizona Diamondbacks,4,0,4.3333,17,0,0.0000
Josh Walker,677020,Baltimore Orioles,31,0,30.3333,126,29,8.6044
Daniel Duarte,650960,New York Mets,24,0,29.6667,112,30,9.1011
Jacob Latz,656641,Texas Rangers,58,1,72.0000,271,83,10.3750
Steven Okert,595345,Houston Astros,68,1,67.6667,261,68,9.0443
Jack Weisenburger,674073,New York Mets,7,0,12.6667,50,14,9.9474
Chris Sale,519242,Atlanta Braves,27,27,162.6667,648,200,11.0656
John Klein,804619,Toronto Blue Jays,4,0,8.3333,35,7,7.5600
Riley Martin,702303,Chicago Cubs,8,1,8.3333,31,10,10.8000
Miguel Ullola,699044,Houston Astros,11,2,16.6667,62,16,8.6400
Brent Headrick,687396,New York Yankees,81,0,78.3333,326,98,11.2596
Jack Anderson,681252,Minnesota Twins,7,0,12.3333,48,12,8.7568
Bradgley Rodriguez,699134,San Diego Padres,68,4,74.0000,301,81,9.8514
Juan Morillo,666661,Arizona Diamondbacks,70,0,64.3333,264,74,10.3523
Jake Eder,671109,Los Angeles Dodgers,4,0,4.0000,15,1,2.2500
Julian Fernández,642759,Washington Nationals,3,0,4.0000,18,3,6.7500
Elieser Hernández,622694,Atlanta Braves,5,0,12.0000,53,13,9.7500
Grant Taylor,691799,Chicago White Sox,60,4,84.0000,336,106,11.3571
Brock Burke,656271,Cincinnati Reds,77,0,74.3333,314,74,8.9596
Jose Cuas,621016,Kansas City Royals,24,0,23.3333,108,25,9.6429
Trent Harris,805345,San Francisco Giants,22,0,23.3333,94,27,10.4143
Paul Gervase,801434,Los Angeles Dodgers,4,0,7.6667,34,8,9.3913
Tyler Wells,669330,Tampa Bay Rays,57,0,72.0000,277,72,9.0000
Joel Peguero,666711,San Francisco Giants,11,0,11.3333,48,5,3.9706
Dylan Cease,656302,Toronto Blue Jays,29,29,169.0000,685,239,12.7278
Robert Garcia,676395,Texas Rangers,20,0,18.6667,71,11,5.3036
Jonathan Loáisiga,642528,Arizona Diamondbacks,67,0,67.0000,261,48,6.4478
Kevin Kelly,687330,Tampa Bay Rays,71,0,73.6667,279,63,7.6968
Zach Eflin,621107,Baltimore Orioles,1,1,3.6667,17,7,17.1818
Didier Fuentes,800311,Atlanta Braves,58,1,73.3333,297,92,11.2909
Gavin Hollowell,668970,Chicago Cubs,15,0,14.6667,64,13,7.9773
Cade Horton,690990,Chicago Cubs,2,2,7.3333,26,4,4.9091
Jack Sinclair,695378,Washington Nationals,11,0,11.0000,46,8,6.5455
Eddy Yean,678868,Washington Nationals,8,1,11.0000,45,7,5.7273
David Bednar,670280,New York Yankees,64,0,69.3333,280,76,9.8654
Logan Henderson,701656,Milwaukee Brewers,18,18,98.3333,371,110,10.0678
Jacob Waguespack,621097,Detroit Tigers,35,1,47.0000,183,35,6.7021
Yoshinobu Yamamoto,808967,Los Angeles Dodgers,28,28,185.0000,708,182,8.8541
Tayler Saucedo,642048,Los Angeles Angels,28,0,21.3333,87,26,10.9688
Dylan Dodd,689266,Atlanta Braves,48,0,49.6667,194,53,9.6040
Blake Weiman,676620,Los Angeles Angels,18,0,17.6667,79,16,8.1509
Raisel Iglesias,628452,Atlanta Braves,59,0,60.0000,239,64,9.6000
Parker Messick,800048,Cleveland Guardians,32,32,186.3333,747,193,9.3220
A.J. Minter,621345,Minnesota Twins,48,0,45.6667,186,41,8.0803
Austin Peterson,804926,Cleveland Guardians,2,0,7.0000,27,8,10.2857
Erik Sabrowski,681870,Cleveland Guardians,60,0,48.3333,203,76,14.1517
Jason Adam,592094,San Diego Padres,38,0,34.3333,142,22,5.7670
Anthony Bender,669622,Miami Marlins,35,0,34.3333,140,41,10.7476
Trevor Megill,656730,Milwaukee Brewers,63,0,61.6667,242,69,10.0703
Spencer Miles,693686,Toronto Blue Jays,49,8,95.6667,388,93,8.7491
Alex Vesia,681911,Los Angeles Dodgers,72,0,58.0000,237,74,11.4828
Tyler Samaniego,701719,Boston Red Sox,20,1,20.3333,90,17,7.5246
Gordon Graceffo,700669,St. Louis Cardinals,62,1,81.0000,326,63,7.0000
Carlos Rodón,607074,New York Yankees,16,16,84.3333,340,91,9.7115
Drew Rasmussen,656876,Tampa Bay Rays,30,30,172.0000,669,174,9.1047
Max Meyer,676974,Miami Marlins,20,20,111.0000,462,121,9.8108
Luke Weaver,596133,Pittsburgh Pirates,60,0,60.3333,238,65,9.6961
Tanner Scott,656945,Los Angeles Dodgers,69,0,63.6667,251,82,11.5916
Parker Mushinski,656786,Colorado Rockies,8,0,6.6667,34,0,0.0000
PJ Poulin,676571,Washington Nationals,35,11,36.6667,153,25,6.1364
Manuel Rodríguez,655889,Tampa Bay Rays,6,0,6.6667,35,10,13.5000
Brock Stewart,592779,Los Angeles Dodgers,28,1,26.6667,103,25,8.4375
Sonny Gray,543243,Boston Red Sox,29,29,169.0000,683,149,7.9349
Tarik Skubal,669373,Los Angeles Dodgers,26,26,158.6667,620,186,10.5504
Colin Holderman,670059,Cleveland Guardians,54,0,52.6667,222,50,8.5443
Tyler Holton,663947,Detroit Tigers,67,3,72.0000,301,55,6.8750
Troy Melton,675512,Detroit Tigers,20,20,114.3333,470,94,7.3994
Ben Peoples,687239,Texas Rangers,16,0,16.3333,68,10,5.5102
Max Fried,608331,New York Yankees,20,20,112.6667,434,104,8.3077
Brennan Bernardino,657514,Colorado Rockies,74,2,64.0000,267,49,6.8906
Adrian Morejon,670970,San Diego Padres,76,0,86.0000,352,107,11.1977
Alex McFarlane,686934,Philadelphia Phillies,19,0,19.0000,79,20,9.4737
Edgardo Henriquez,683618,Los Angeles Dodgers,61,1,60.0000,242,71,10.6500
Jesús Luzardo,666200,Philadelphia Phillies,30,29,179.6667,730,221,11.0705
Nick Pivetta,601713,San Diego Padres,8,8,34.6667,140,42,10.9038
Chase Burns,695505,Cincinnati Reds,29,29,154.3333,630,185,10.7883
Yohan Ramírez,670990,Pittsburgh Pirates,66,1,85.0000,362,102,10.8000
Cal Quantrill,615698,Texas Rangers,32,15,110.0000,443,81,6.6273
Mason Montgomery,682254,Pittsburgh Pirates,70,5,68.6667,278,105,13.7621
Eduardo Rodriguez,593958,Arizona Diamondbacks,32,32,189.6667,788,143,6.7856
Yennier Cano,666974,Baltimore Orioles,68,0,49.6667,204,45,8.1544
Cristopher Sánchez,650911,Philadelphia Phillies,33,33,207.0000,857,231,10.0435
William Kempner,687531,Miami Marlins,9,0,12.3333,50,14,10.2162
Gabe Speier,642100,Seattle Mariners,54,0,46.0000,190,45,8.8043
Erik Tolman,680899,Washington Nationals,15,0,15.3333,67,17,9.9783
Huascar Brazobán,623211,Chicago White Sox,60,6,67.0000,267,56,7.5224
Taylor Clarke,664199,Arizona Diamondbacks,71,2,73.0000,288,45,5.5479
Walbert Ureña,700712,Los Angeles Angels,29,27,148.3333,625,142,8.6157
Brandon Woodruff,605540,Milwaukee Brewers,9,9,45.3333,174,47,9.3309
Erik Miller,669062,Boston Red Sox,57,1,51.3333,227,74,12.9740
Hunter Gaddis,683769,Cleveland Guardians,68,0,60.3333,257,57,8.5028
Jhony Brito,666745,San Diego Padres,5,0,9.0000,35,6,6.0000
Zach Brzykcy,694350,Miami Marlins,2,0,3.0000,12,2,6.0000
Brian Keller,662144,Philadelphia Phillies,1,0,3.0000,11,3,9.0000
Joe Mantiply,573009,Toronto Blue Jays,25,0,27.0000,111,22,7.3333
Marco Raya,694397,Minnesota Twins,3,0,6.0000,25,4,6.0000
Blake Walston,686796,Arizona Diamondbacks,2,0,3.0000,13,2,6.0000
Zack Wheeler,554430,Philadelphia Phillies,28,28,162.0000,645,193,10.7222
Michael Petersen,656848,Miami Marlins,65,0,65.6667,269,81,11.1015
Tim Herrin,682120,Cleveland Guardians,67,0,56.6667,240,54,8.5765
Evan Sisk,681895,Pittsburgh Pirates,41,0,44.6667,197,50,10.0746
Cade Cavalli,676917,Washington Nationals,32,32,169.6667,706,200,10.6090
Payton Tolle,801139,Boston Red Sox,26,26,148.6667,603,171,10.3520
Martín Pérez,527048,Atlanta Braves,30,26,142.0000,596,102,6.4648
Brant Hurter,676428,Detroit Tigers,29,0,35.3333,143,24,6.1132
Mark Manfredi,815081,Colorado Rockies,14,0,17.6667,75,16,8.1509
Luis Medina,665622,Athletics,60,1,73.0000,317,93,11.4658
Sean Newcomb,656794,Chicago White Sox,60,6,90.3333,372,84,8.3690
Rico Garcia,670329,Baltimore Orioles,75,0,67.0000,265,68,9.1343
Dylan Lee,669276,Atlanta Braves,71,0,67.0000,262,77,10.3433
Tyron Guerrero,594027,Boston Red Sox,40,0,40.6667,166,41,9.0738
Nick Martinez,607259,Tampa Bay Rays,31,31,180.0000,722,109,5.4500
Tejay Antone,622088,Cincinnati Reds,58,0,55.0000,234,57,9.3273
Aaron Ashby,676879,Milwaukee Brewers,75,1,89.3333,383,116,11.6866
Samy Natera Jr.,696519,Los Angeles Angels,28,0,31.6667,131,48,13.6421
Fernando Cruz,518585,New York Yankees,61,0,54.6667,234,67,11.0305
Julian Garcia,670062,Cincinnati Reds,33,0,46.0000,179,41,8.0217
Scott Blewett,656240,Athletics,26,0,37.3333,160,34,8.1964
Tyler Schweitzer,805326,Chicago White Sox,18,0,37.3333,154,18,4.3393
Trevor Williams,592866,Texas Rangers,15,1,28.6667,120,34,10.6744
Ryan Rolison,669020,Chicago Cubs,60,2,63.0000,256,55,7.8571
Jovani Morán,663558,Boston Red Sox,50,3,65.6667,272,73,10.0051
Nolan McLean,690997,New York Mets,31,31,179.6667,747,194,9.7180
Carter Baumler,691945,Texas Rangers,4,0,5.6667,27,6,9.5294
Burch Smith,572143,Detroit Tigers,13,1,17.0000,73,20,10.5882
Hunter Brown,686613,Houston Astros,20,20,107.3333,451,124,10.3975
Kirby Yates,489446,Pittsburgh Pirates,46,1,42.3333,178,49,10.4173
Sam Hentges,656529,San Francisco Giants,45,0,36.6667,173,41,10.0636
Kenley Jansen,445276,Detroit Tigers,50,0,45.0000,180,51,10.2000
Jack Dreyer,676263,Los Angeles Dodgers,67,3,64.6667,261,73,10.1598
Michael King,650633,San Diego Padres,32,32,185.0000,757,159,7.7351
Braydon Fisher,680755,Toronto Blue Jays,75,10,75.6667,310,74,8.8018
Ranger Suarez,624133,Boston Red Sox,28,28,148.3333,612,140,8.4944
Josh Ekness,694795,Miami Marlins,30,0,30.6667,134,24,7.0435
Hayden Wesneski,669713,Houston Astros,11,11,61.0000,246,46,6.7869
Brooks Raley,548384,Philadelphia Phillies,61,0,52.6667,224,51,8.7152
Ty Madden,680744,Detroit Tigers,20,1,47.0000,189,46,8.8085
Greg Weissert,669711,Boston Red Sox,63,0,60.6667,255,60,8.9011
John Schreiber,670167,New York Yankees,66,0,60.3333,246,40,5.9669
Clay Holmes,605280,Chicago Cubs,18,18,101.3333,419,78,6.9276
Michael Fulmer,605242,New York Yankees,15,0,13.6667,61,18,11.8537
Mason Fluharty,689254,Toronto Blue Jays,83,4,62.6667,263,65,9.3351
Zack Kelly,677161,Boston Red Sox,17,0,16.3333,71,14,7.7143
Dedniel Núñez,673380,New York Mets,18,0,19.0000,72,20,9.4737
Michael Wacha,608379,Kansas City Royals,32,32,200.6667,812,158,7.0864
Cooper Criswell,681867,Seattle Mariners,37,0,40.6667,172,31,6.8607
Hogan Harris,663687,Athletics,74,0,70.3333,311,88,11.2607
Connelly Early,813349,Washington Nationals,18,18,94.6667,400,94,8.9366
Kendry Rojas,696070,Minnesota Twins,12,4,29.6667,130,34,10.3146
Tyler Phillips,663969,Miami Marlins,37,20,126.6667,538,101,7.1763
Sean Burke,680732,Chicago White Sox,32,27,172.3333,716,185,9.6615
Keaton Winn,676775,San Francisco Giants,44,0,43.0000,176,33,6.9070
Trent Thornton,663423,Chicago Cubs,48,0,48.3333,196,31,5.7724
Jonathan Bowlan,680742,Philadelphia Phillies,59,0,56.3333,229,73,11.6627
JoJo Romero,668941,Milwaukee Brewers,55,0,56.3333,238,54,8.6272
Grant Anderson,681982,Milwaukee Brewers,52,0,59.0000,235,52,7.9322
Shane McClanahan,663556,Tampa Bay Rays,24,24,118.0000,487,106,8.0847
Reid Detmers,672282,Los Angeles Angels,32,32,185.0000,740,211,10.2649
Jacob Webb,657097,Chicago Cubs,68,0,67.0000,284,73,9.8060
Brent Suter,608718,Atlanta Braves,54,4,91.0000,376,78,7.7143
Justin Hagenman,663795,New York Mets,3,1,8.0000,33,4,4.5000
Josh Hendrickson,681973,Houston Astros,2,0,2.6667,9,3,10.1250
Emilio Pagán,641941,Cincinnati Reds,45,0,42.6667,174,45,9.4922
Braxton Roxby,694820,San Francisco Giants,4,0,5.3333,25,3,5.0625
Kade Strowd,669704,Arizona Diamondbacks,2,0,2.6667,14,1,3.3750
Tyler Uberstine,700413,Boston Red Sox,1,0,2.6667,11,2,6.7500
Chad Patrick,694477,Milwaukee Brewers,57,6,106.0000,441,93,7.8962
Victor Mederos,682989,Atlanta Braves,30,0,34.3333,148,34,8.9126
Michael Soroka,647336,Arizona Diamondbacks,22,21,116.0000,473,114,8.8448
Zac Thornton,804267,New York Mets,15,15,84.3333,337,63,6.7233
Lake Bachar,669199,Pittsburgh Pirates,53,12,86.6667,358,93,9.6577
Andrew Alvarez,674841,Washington Nationals,25,17,112.6667,473,114,9.1065
Grant Holmes,656550,Atlanta Braves,31,29,151.6667,642,115,6.8242
Tyler Kinley,641755,Detroit Tigers,64,0,57.3333,232,48,7.5349
Evan Phillips,623465,Los Angeles Dodgers,31,0,26.0000,106,33,11.4231
Tim Mayza,641835,Philadelphia Phillies,60,6,67.3333,271,64,8.5545
Jeremiah Estrada,669093,San Diego Padres,33,0,31.0000,126,38,11.0323
Keider Montero,672456,Detroit Tigers,32,25,155.0000,625,107,6.2129
Randy Dobnak,677976,Kansas City Royals,15,13,74.3333,321,49,5.9327
Ryan Fernandez,681676,St. Louis Cardinals,17,0,23.0000,100,28,10.9565
Ty Johnson,694494,Tampa Bay Rays,8,0,7.6667,34,11,12.9130
Griffin Jax,643377,Tampa Bay Rays,34,23,112.3333,459,116,9.2938
Tyler Glasnow,607192,Los Angeles Dodgers,13,13,74.0000,288,98,11.9189
Andrew Kittredge,552640,Baltimore Orioles,55,0,48.3333,214,40,7.4483
Jeff Hoffman,656546,Minnesota Twins,71,0,66.0000,292,102,13.9091
Calvin Faucher,676534,Miami Marlins,69,0,68.3333,294,73,9.6146
Brandon Young,687064,Baltimore Orioles,28,28,156.6667,669,133,7.6404
Emerson Hancock,676106,Seattle Mariners,25,25,138.6667,566,126,8.1779
Matt Wilkinson,683363,San Francisco Giants,8,6,27.6667,110,20,6.5060
JT Brubaker,664141,San Francisco Giants,41,1,60.3333,250,39,5.8177
Robbie Ray,592662,San Diego Padres,31,30,165.6667,702,140,7.6056
Justin Bruihl,677865,St. Louis Cardinals,73,0,77.6667,346,53,6.1416
Foster Griffin,656492,Cleveland Guardians,31,31,172.6667,721,158,8.2355
Kent Emanuel,592288,Cincinnati Reds,1,1,5.0000,23,4,7.2000
Nolan Hoffman,676510,Kansas City Royals,15,0,15.0000,67,12,7.2000
Gregory Santos,666619,San Francisco Giants,3,0,5.0000,22,1,1.8000
Chase Silseth,681217,Texas Rangers,73,0,60.0000,271,74,11.1000
Ben Williamson,810938,Tampa Bay Rays,5,0,5.0000,21,0,0.0000
Ryan Weathers,677960,New York Yankees,25,25,137.3333,568,143,9.3714
Wandy Peralta,593974,San Diego Padres,65,5,77.3333,321,50,5.8190
Gerrit Cole,543037,New York Yankees,22,22,127.0000,519,131,9.2835
Blas Castaño,680604,Colorado Rockies,15,0,27.3333,111,21,6.9146
Joey Cantillo,676282,Cleveland Guardians,33,30,159.0000,687,171,9.6792
Will Dion,702021,Washington Nationals,27,1,49.6667,201,55,9.9664
Javier Assad,665871,Chicago Cubs,28,11,94.3333,378,63,6.0106
Gregory Soto,642397,Pittsburgh Pirates,69,0,67.0000,285,79,10.6119
Seranthony Domínguez,622554,Seattle Mariners,67,0,62.0000,260,65,9.4355
Drew Sommers,805427,Detroit Tigers,43,0,39.6667,169,62,14.0672
Daniel Palencia,694037,Chicago Cubs,32,0,29.6667,123,30,9.1011
Blake Treinen,595014,Los Angeles Dodgers,36,0,29.6667,130,31,9.4045
Hoby Milner,571948,Seattle Mariners,44,0,42.0000,177,25,5.3571
Jakob Junis,596001,Texas Rangers,53,1,54.3333,234,38,6.2945
Braxton Ashcraft,677952,Pittsburgh Pirates,28,28,165.3333,667,173,9.4173
Cesar Perdomo,702885,San Francisco Giants,5,4,24.6667,104,14,5.1081
Jake Bennett,687562,Boston Red Sox,20,19,113.3333,455,91,7.2265
AJ Blubaugh,805123,Houston Astros,64,0,96.0000,401,94,8.8125
Tyler Davis,699823,Chicago White Sox,31,0,32.0000,128,27,7.5938
Kyle Leahy,681517,St. Louis Cardinals,30,30,140.0000,596,132,8.4857
Justin Wrobleski,680736,Los Angeles Dodgers,28,22,140.0000,578,118,7.5857
Drew Anderson,623454,Detroit Tigers,49,11,108.0000,456,114,9.5000
Hunter Dobbins,690928,St. Louis Cardinals,11,8,54.0000,231,52,8.6667
George Klassen,691946,Los Angeles Angels,6,6,27.0000,125,24,8.0000
Will Klein,694361,Los Angeles Dodgers,36,3,41.6667,189,49,10.5840
Riley Cornelio,683000,Washington Nationals,18,3,36.6667,160,40,9.8182
Bobby Miller,676272,Los Angeles Dodgers,3,0,7.3333,33,8,9.8182
Zach Pop,647315,Philadelphia Phillies,7,1,7.3333,31,6,7.3636
Trey Yesavage,702056,Toronto Blue Jays,20,20,97.6667,401,97,8.9386
Trevor Richards,670950,Chicago White Sox,54,0,83.0000,345,73,7.9157
Ryan Yarbrough,642232,New York Yankees,38,2,63.3333,268,49,6.9632
Tyler Alexander,641302,Texas Rangers,75,5,73.0000,312,60,7.3973
Kody Funderburk,681892,Minnesota Twins,58,0,51.0000,222,49,8.6471
J.T. Ginn,669372,Athletics,27,24,138.3333,580,121,7.8723
Jared Jones,683003,Pittsburgh Pirates,21,21,101.6667,415,123,10.8885
Logan Gilbert,669302,Seattle Mariners,32,32,186.0000,750,205,9.9194
Bryan Abreu,650556,Houston Astros,66,0,62.6667,268,80,11.4894
Taj Bradley,671737,Minnesota Twins,31,31,178.3333,748,205,10.3458
Bryan Hudson,663542,Chicago White Sox,70,9,67.3333,282,59,7.8861
Gavin Williams,668909,Cleveland Guardians,32,32,184.3333,746,248,12.1085
Kris Bubic,663460,Los Angeles Dodgers,14,9,55.0000,226,56,9.1636
Dax Fulton,690978,Miami Marlins,16,0,28.6667,122,29,9.1047
Casey Legumina,668984,Tampa Bay Rays,55,6,71.6667,305,55,6.9070
Orlando Ribalta,687377,Washington Nationals,45,0,43.0000,178,42,8.7907
Shota Imanaga,684007,Chicago Cubs,32,32,174.3333,706,174,8.9828
Brandon Pfaadt,694297,Arizona Diamondbacks,29,19,136.0000,562,94,6.2206
Angel Chivilli,683409,New York Yankees,15,0,16.6667,73,16,8.6400
Matt Festa,670036,Cleveland Guardians,66,0,66.6667,289,69,9.3150
Brad Lord,695418,Washington Nationals,40,5,83.3333,357,77,8.3160
David Morgan,688158,San Diego Padres,32,0,33.3333,162,39,10.5300
Kade Anderson,807739,Seattle Mariners,7,7,35.6667,146,32,8.0748
Joe Ryan,657746,Minnesota Twins,27,27,144.6667,614,159,9.8917
Jalen Beeks,656222,Texas Rangers,29,0,26.0000,113,21,7.2692
Jonah Tong,804636,New York Mets,7,4,30.6667,134,34,9.9783
Peter Lambert,663567,Houston Astros,29,29,155.6667,664,154,8.9036
Paul Skenes,694973,Pittsburgh Pirates,32,32,174.3333,712,200,10.3250
Enmanuel De Jesus,646241,Detroit Tigers,30,0,42.3333,178,39,8.2913
Erick Fedde,607200,Chicago White Sox,33,15,141.0000,606,99,6.3191
Quinn Mathews,687273,St. Louis Cardinals,9,9,49.3333,211,46,8.3919
Andre Pallante,669467,St. Louis Cardinals,29,29,162.0000,679,110,6.1111
Christian Scott,681035,New York Mets,23,23,110.0000,474,134,10.9636
Luisangel Acuña,682668,Chicago White Sox,3,0,2.3333,10,0,0.0000
José Fermin,820862,Los Angeles Angels,53,0,53.6667,238,62,10.3975
Peyton Gray,682608,Texas Rangers,49,0,56.0000,249,60,9.6429
Landon Knack,689017,Los Angeles Dodgers,4,0,11.6667,50,8,6.1714
Jorge Mateo,622761,Atlanta Braves,3,0,2.3333,12,1,3.8571
Cody Ponce,664074,Toronto Blue Jays,1,1,2.3333,10,3,11.5714
Tanner Rainey,663432,Detroit Tigers,6,0,7.0000,31,6,7.7143
Carlos Rodriguez,692230,Milwaukee Brewers,4,0,9.3333,42,8,7.7143
Dylan Smith,681916,San Francisco Giants,42,0,39.6667,177,45,10.2101
Albert Suárez,544150,Baltimore Orioles,28,0,63.0000,262,46,6.5714
Beck Way,694360,Kansas City Royals,19,1,23.3333,105,21,8.1000
Robert Gasser,688107,Milwaukee Brewers,21,20,109.3333,463,103,8.4787
Sandy Alcantara,645261,Miami Marlins,36,33,214.0000,894,153,6.4346
Ryan Zeferjahn,666171,Chicago Cubs,65,0,69.6667,304,94,12.1435
Chase Dollander,801403,Colorado Rockies,10,3,44.0000,189,47,9.6136
Randy Vásquez,681190,San Diego Padres,32,23,140.6667,587,87,5.5664
Elvis Alvarado,665660,Athletics,56,0,55.3333,229,65,10.5723
Eury Pérez,691587,Miami Marlins,30,29,159.0000,660,170,9.6226
Matthew Boyd,571510,Chicago Cubs,22,22,126.6667,520,96,6.8211
José Soriano,667755,Toronto Blue Jays,32,32,177.3333,745,169,8.5771
Jackson Jobe,695549,Detroit Tigers,9,9,46.0000,193,51,9.9783
Tommy Nance,667297,Minnesota Twins,57,0,59.6667,258,68,10.2570
Will Warren,701542,New York Yankees,32,29,156.0000,677,158,9.1154
Ethan Pecko,814490,Houston Astros,8,5,34.3333,140,23,6.0291
Dietrich Enns,608650,Baltimore Orioles,13,0,16.0000,70,13,7.3125
Jordan Hicks,663855,Chicago White Sox,53,2,48.0000,216,64,12.0000
Davis Martin,663436,Chicago White Sox,29,28,146.0000,617,122,7.5205
Michael McGreevy,700241,St. Louis Cardinals,31,31,168.6667,702,115,6.1364
Brett Kerry,695049,Los Angeles Angels,3,0,13.6667,54,12,7.9024
Carmen Mlodzinski,669387,Pittsburgh Pirates,37,12,123.0000,537,97,7.0976
Cade Winquest,685464,St. Louis Cardinals,11,0,13.6667,57,16,10.5366
Anthony Molina,683627,San Francisco Giants,9,5,34.0000,136,31,8.2059
Mick Abel,690953,Minnesota Twins,4,3,20.3333,93,23,10.1803
John King,667463,Miami Marlins,50,1,49.6667,197,33,5.9799
Tyler Mahle,641816,Atlanta Braves,27,27,149.0000,614,137,8.2752
Ryan Watson,670245,Los Angeles Angels,53,0,72.0000,307,65,8.1250
Cole Wilcox,677961,Seattle Mariners,23,0,27.0000,123,28,9.3333
Bryan Woo,693433,Seattle Mariners,30,30,173.0000,710,175,9.1040
Landen Roupp,694738,San Francisco Giants,29,29,155.0000,657,143,8.3032
Eduard Bazardo,660825,Seattle Mariners,73,0,67.3333,297,70,9.3564
Adrian Houser,605288,San Francisco Giants,26,16,109.6667,470,75,6.1550
Brad Keller,641745,Philadelphia Phillies,32,0,31.3333,135,32,9.1915
Ryne Stanek,592773,St. Louis Cardinals,70,0,62.6667,267,65,9.3351
Chase Shugart,663767,Philadelphia Phillies,46,0,53.6667,223,59,9.8944
Trevor Rogers,669432,Baltimore Orioles,30,30,169.6667,699,157,8.3281
Mason Adams,690279,Colorado Rockies,6,6,29.0000,124,31,9.6207
Framber Valdez,664285,Detroit Tigers,31,31,174.0000,758,135,6.9828
Mitch Farris,815083,Los Angeles Angels,33,0,60.0000,258,63,9.4500
Zach McCambley,685112,Cincinnati Reds,11,0,13.3333,60,14,9.4500
Antonio Senzatela,622608,Milwaukee Brewers,57,0,73.3333,311,60,7.3636
Anthony Nunez,689296,Baltimore Orioles,52,0,59.6667,255,66,9.9553
Graham Ashcraft,668933,Cincinnati Reds,35,0,35.3333,151,40,10.1887
Riley O'Brien,676617,St. Louis Cardinals,66,0,64.0000,276,64,9.0000
Daniel Lynch IV,663738,Kansas City Royals,56,10,86.0000,356,56,5.8605
Ryan Gusto,687473,Miami Marlins,23,18,88.0000,392,74,7.5682
Bryce Elder,693821,Atlanta Braves,26,26,149.0000,633,121,7.3087
Shane Baz,669358,Baltimore Orioles,31,31,179.6667,769,154,7.7143
Daniel Espino,682982,Cleveland Guardians,14,3,15.3333,65,25,14.6739
Ryan Helsley,664854,Baltimore Orioles,17,0,15.3333,68,21,12.3261
Ben Joyce,690829,Los Angeles Angels,16,0,15.3333,61,18,10.5652
Trevor Martin,694680,Los Angeles Angels,8,0,15.3333,73,9,5.2826
Nate Pearson,663878,Kansas City Royals,42,0,46.0000,200,41,8.0217
Noah Cameron,702070,Kansas City Royals,31,30,177.3333,746,158,8.0188
Austin Warren,681810,New York Mets,41,2,50.3333,216,55,9.8344
Richard Lovelady,663992,Washington Nationals,38,6,35.0000,172,31,7.9714
Kyle Bradish,680694,Baltimore Orioles,29,29,155.0000,669,142,8.2452
Kevin Ginkel,656464,Arizona Diamondbacks,74,0,67.6667,275,72,9.5764
Kyle Hurt,669165,Los Angeles Dodgers,44,1,45.6667,198,58,11.4307
Gerardo Carrillo,672629,Arizona Diamondbacks,13,0,17.3333,81,21,10.9038
Camilo Doval,666808,San Francisco Giants,66,0,60.6667,273,66,9.7912
Jason Foley,671345,San Francisco Giants,24,0,26.0000,117,15,5.1923
Jordan Montgomery,656756,Texas Rangers,13,0,26.0000,104,20,6.9231
River Ryan,689981,Detroit Tigers,2,2,4.3333,21,6,12.4615
Luis Severino,622663,Athletics,12,12,62.6667,271,65,9.3351
Bryce Miller,682243,Seattle Mariners,22,21,118.6667,485,119,9.0253
José A. Ferrer,678606,Seattle Mariners,73,0,64.6667,295,54,7.5155
Shane Drohan,675660,Milwaukee Brewers,33,19,124.6667,528,125,9.0241
Nathan Eovaldi,543135,Texas Rangers,27,23,145.6667,613,144,8.8970
Kyle Harrison,690986,Milwaukee Brewers,28,24,115.6667,505,141,10.9712
Aaron Civale,650644,Chicago Cubs,34,15,111.3333,493,91,7.3563
Jacob deGrom,594798,Texas Rangers,31,31,162.6667,668,201,11.1209
Ian Seymour,693855,Tampa Bay Rays,47,16,132.6667,551,158,10.7186
Ethan Roberts,681799,Chicago Cubs,23,0,25.6667,110,17,5.9610
Raymond Burgos,670103,Boston Red Sox,9,0,21.3333,82,16,6.7500
Reiver Sanmartin,665665,San Francisco Giants,24,0,21.3333,93,16,6.7500
Janson Junk,676083,Miami Marlins,26,25,123.6667,523,89,6.4771
George Soriano,666277,St. Louis Cardinals,70,0,66.0000,290,66,9.0000
Andrés Muñoz,662253,Seattle Mariners,61,0,57.3333,240,89,13.9709
Mark Leiter Jr.,643410,Athletics,36,0,33.6667,144,38,10.1584
Cody Bradford,674003,Texas Rangers,10,8,44.0000,193,22,4.5000
Steven Cruz,674444,Kansas City Royals,56,2,58.6667,246,65,9.9716
Yoendrys Gómez,672782,Minnesota Twins,65,0,67.0000,297,65,8.7313
Grant Wolfram,664991,Baltimore Orioles,60,0,52.3333,226,61,10.4904
Kyle Finnegan,640448,Detroit Tigers,63,0,60.6667,270,47,6.9725
Mason Black,696131,Kansas City Royals,17,0,31.3333,142,19,5.4574
Logan Webb,657277,San Francisco Giants,27,27,160.6667,668,134,7.5062
Cole Sulser,642121,Tampa Bay Rays,51,2,56.3333,236,56,8.9467
Casey Mize,663554,San Diego Padres,26,26,131.3333,549,110,7.5381
Joey Gerber,680702,New York Mets,7,0,8.3333,34,8,8.6400
Taylor Rogers,573124,Minnesota Twins,65,0,60.3333,276,54,8.0552
George Kirby,669923,Seattle Mariners,30,30,174.6667,741,148,7.6260
Bryse Wilson,669060,Milwaukee Brewers,16,0,35.3333,151,31,7.8962
Brayan Bello,678394,Boston Red Sox,26,11,116.3333,503,92,7.1175
Colin Rea,607067,Chicago Cubs,34,19,137.0000,587,101,6.6350
Jesse Scholtens,669947,Tampa Bay Rays,12,2,47.6667,209,37,6.9860
Tanner Bibee,676440,Cleveland Guardians,33,33,188.0000,780,148,7.0851
Shane Bieber,669456,Toronto Blue Jays,11,11,55.6667,242,44,7.1138
Cooper Hjerpe,687309,St. Louis Cardinals,4,0,12.3333,55,15,10.9459
Cade Povich,700249,Baltimore Orioles,8,7,37.0000,160,28,6.8108
Kumar Rocker,677958,Texas Rangers,30,27,148.0000,645,138,8.3919
Andrew Morris,702193,Minnesota Twins,64,3,73.6667,321,69,8.4299
Joel Kuhnel,669270,San Francisco Giants,45,0,45.0000,202,28,5.6000
Luis Gastelum,703725,St. Louis Cardinals,34,0,36.6667,152,44,10.8000
Freddy Peralta,642547,Tampa Bay Rays,32,32,169.0000,730,156,8.3077
Jose Franco,683742,Cincinnati Reds,10,0,20.3333,93,15,6.6393
Ryan Thompson,657044,Arizona Diamondbacks,46,0,40.6667,186,29,6.4180
Devin Williams,642207,New York Mets,44,0,40.6667,184,52,11.5082
Alex Hoppe,695380,Baltimore Orioles,42,0,42.6667,192,47,9.9141
Franco Aleman,680916,Cleveland Guardians,21,0,22.3333,103,28,11.2836
Yunior Marte,805074,San Francisco Giants,5,3,24.3333,103,15,5.5479
Anthony Kay,641743,Chicago White Sox,33,31,158.0000,710,129,7.3481
Blade Tidwell,694918,San Francisco Giants,17,9,56.6667,235,46,7.3059
Anthony Banda,607455,Minnesota Twins,39,0,34.3333,156,33,8.6505
Wilber Dotel,696062,Pittsburgh Pirates,22,2,42.3333,182,41,8.7165
Bailey Ober,641927,Minnesota Twins,25,24,131.0000,561,96,6.5954
Jack Flaherty,656427,Detroit Tigers,20,19,88.3333,396,103,10.4943
Roki Sasaki,808963,Los Angeles Dodgers,26,23,122.3333,522,123,9.0490
Clayton Beeter,690925,Washington Nationals,50,0,48.0000,209,47,8.8125
Danny Coulombe,543056,Boston Red Sox,29,0,22.0000,96,10,4.0909
Jeff Criswell,676105,Colorado Rockies,3,0,4.0000,18,3,6.7500
Craig Kimbrel,518886,Kansas City Royals,46,0,46.0000,196,40,7.8261
Stephen Kolek,663568,Kansas City Royals,10,10,54.0000,224,34,5.6667
Doug Nikhazy,680951,Chicago White Sox,1,0,2.0000,9,1,4.5000
Pedro Pagés,686780,St. Louis Cardinals,2,0,2.0000,7,0,0.0000
Lucas Sims,608371,Chicago White Sox,9,0,10.0000,46,10,9.0000
Myles Straw,664702,Toronto Blue Jays,4,0,4.0000,20,0,0.0000
Kevin Gausman,592332,Chicago Cubs,32,32,177.6667,750,184,9.3208
Reynaldo López,625643,Atlanta Braves,26,13,79.3333,346,73,8.2815
Carson Seymour,693313,San Francisco Giants,25,1,31.6667,140,23,6.5368
Emmet Sheehan,686218,Los Angeles Dodgers,23,22,112.3333,472,132,10.5757
Travis Adams,701519,Minnesota Twins,40,0,59.0000,247,62,9.4576
MacKenzie Gore,669022,Texas Rangers,34,34,173.0000,750,174,9.0520
Shawn Armstrong,542888,Cleveland Guardians,41,0,35.3333,154,34,8.6604
Chris Bassitt,605135,Baltimore Orioles,20,18,102.0000,460,74,6.5294
Justin Slaten,686580,Boston Red Sox,36,0,31.3333,137,39,11.2021
Tim Hill,657612,New York Yankees,67,0,58.6667,241,25,3.8352
Cam Sanders,676742,Baltimore Orioles,28,0,29.3333,131,40,12.2727
Andrew Abbott,671096,Cincinnati Reds,32,32,166.0000,729,131,7.1024
Luis Gil,661563,New York Yankees,9,4,27.3333,124,17,5.5976
Bubba Chandler,696149,Pittsburgh Pirates,31,30,154.0000,674,140,8.1818
Pierce Johnson,572955,Cincinnati Reds,56,0,48.6667,211,42,7.7671
Walker Buehler,621111,San Diego Padres,32,32,153.6667,651,131,7.6725
Codi Heuer,676051,Cleveland Guardians,8,0,9.6667,46,6,5.5862
Aaron Nola,605400,Philadelphia Phillies,33,33,175.3333,744,177,9.0856
Dean Kremer,665152,Minnesota Twins,17,17,90.3333,364,86,8.5683
JP Sears,676664,San Diego Padres,8,6,32.6667,143,25,6.8878
Domingo Gonzalez,682445,Seattle Mariners,5,0,7.6667,36,5,5.8696
Dustin May,669160,Milwaukee Brewers,31,31,145.6667,621,144,8.8970
Brett Sullivan,664954,Colorado Rockies,7,0,7.6667,34,1,1.1739
Mitch Bratt,683352,Arizona Diamondbacks,10,10,44.0000,194,30,6.1364
Khristian Curtis,694753,Pittsburgh Pirates,6,0,21.0000,87,13,5.5714
Mike Paredes,702474,Minnesota Twins,9,5,34.3333,154,19,4.9806
Paul Sewald,623149,Toronto Blue Jays,62,0,53.3333,219,53,8.9437
Carlos Vargas,672841,Seattle Mariners,16,0,19.0000,81,17,8.0526
Alex Cook,702047,Tampa Bay Rays,4,0,5.6667,24,5,7.9412
Cionel Pérez,672335,New York Mets,40,2,45.3333,198,44,8.7353
Kai-Wei Teng,678906,Houston Astros,30,10,73.6667,329,73,8.9186
Sean Manaea,640455,New York Mets,33,19,150.6667,653,144,8.6018
Garrett Cleavinger,664076,Tampa Bay Rays,51,0,41.3333,181,54,11.7581
Sam Moll,594580,Cincinnati Reds,65,0,56.3333,257,56,8.9467
David Peterson,656849,Chicago Cubs,32,23,148.3333,663,137,8.3124
Enyel De Los Santos,660853,Houston Astros,66,0,71.3333,301,67,8.4533
Sam Bachman,696147,Los Angeles Angels,44,0,48.6667,217,49,9.0616
Chris Murphy,669684,Chicago White Sox,33,3,33.6667,150,35,9.3564
Geoff Hartlieb,664129,Athletics,18,0,28.0000,124,22,7.0714
Antwone Kelly,699008,Pittsburgh Pirates,8,0,18.6667,81,14,6.7500
Chase Petty,695534,Cincinnati Reds,16,3,31.6667,139,15,4.2632
Cole Ragans,666142,Kansas City Royals,8,8,35.3333,151,45,11.4623
Cody Laweryson,689520,Minnesota Twins,15,0,16.6667,78,18,9.7200
Caleb Thielbar,573204,Chicago Cubs,58,0,50.0000,212,60,10.8000
Jefry Yan,642376,New York Mets,18,1,20.3333,96,26,11.5082
Connor Prielipp,687570,Minnesota Twins,24,22,125.6667,535,128,9.1671
Zebby Matthews,805673,Minnesota Twins,23,23,130.3333,545,116,8.0102
Slade Cecconi,677944,Cleveland Guardians,28,21,121.0000,528,99,7.3636
Caleb Kilian,668873,Philadelphia Phillies,49,0,47.6667,209,56,10.5734
JR Ritchie,702275,Atlanta Braves,17,11,73.3333,326,68,8.3455
Ildemaro Vargas,545121,Arizona Diamondbacks,3,0,3.6667,17,0,0.0000
Victor Vodnik,680767,Miami Marlins,53,0,58.6667,266,44,6.7500
Yusei Kikuchi,579328,Los Angeles Angels,14,14,67.6667,305,67,8.9113
Kyle Hart,606996,San Diego Padres,46,4,64.0000,268,59,8.2969
Tatsuya Imai,837227,Houston Astros,23,15,76.6667,338,97,11.3870
Craig Yoho,684974,Cleveland Guardians,34,0,38.3333,164,41,9.6261
Nick Davila,689546,Seattle Mariners,24,0,27.3333,119,13,4.2805
Ryan Borucki,621366,San Francisco Giants,21,0,23.6667,104,15,5.7042
Merrill Kelly,518876,Arizona Diamondbacks,29,29,162.0000,704,113,6.2778
Ryne Nelson,669194,Arizona Diamondbacks,19,15,87.3333,374,66,6.8015
Kyle Backhus,679775,Philadelphia Phillies,21,1,20.0000,94,20,9.0000
José Urquidy,664353,Philadelphia Phillies,13,1,36.3333,164,30,7.4312
Spencer Arrighetti,681293,Toronto Blue Jays,24,19,110.6667,492,106,8.6205
Orion Kerkering,689147,Philadelphia Phillies,62,0,58.0000,268,63,9.7759
Nick Lodolo,666157,Cincinnati Reds,21,21,108.6667,486,83,6.8742
Beau Brieske,689225,Detroit Tigers,18,0,25.3333,102,24,8.5263
Max Rajcic,691008,St. Louis Cardinals,6,0,9.0000,39,8,8.0000
Chad Dallas,689149,Toronto Blue Jays,6,0,14.3333,64,17,10.6744
Ryan Johnson,696270,Los Angeles Angels,22,19,100.0000,437,79,7.1100
Connor Brogdon,641401,Cleveland Guardians,16,0,16.0000,70,15,8.4375
Yovanny Cruz,672442,Washington Nationals,17,0,16.0000,70,15,8.4375
Brenan Hanifee,669724,Detroit Tigers,23,2,21.3333,93,10,4.2188
Brody Hopkins,811315,Tampa Bay Rays,6,0,5.3333,24,7,11.8125
Sam Aldegheri,691951,Los Angeles Angels,9,6,33.6667,151,22,5.8812
Trevor McDonald,686790,San Francisco Giants,14,14,70.3333,310,57,7.2938
Patrick Sandoval,663776,Boston Red Sox,15,13,70.3333,321,73,9.3412
Drey Jameson,686753,Arizona Diamondbacks,12,0,19.3333,86,13,6.0517
Nick Mears,683232,Kansas City Royals,21,0,19.3333,83,15,6.9828
Eli Morgan,669212,Kansas City Royals,16,0,19.3333,91,16,7.4483
Michael Grove,675627,Tampa Bay Rays,3,0,7.0000,28,6,7.7143
Cristian Javier,664299,Houston Astros,17,12,63.0000,276,59,8.4286
Matt Pushard,690155,St. Louis Cardinals,6,0,7.0000,32,6,7.7143
Lucas Giolito,608337,San Diego Padres,7,5,29.6667,138,18,5.4607
Andrew Nardi,677053,Miami Marlins,25,0,22.6667,99,27,10.7206
Seth Lugo,607625,Kansas City Royals,32,32,172.3333,751,134,6.9981
Caleb Ferguson,657571,St. Louis Cardinals,35,1,33.0000,150,31,8.4545
Bryan King,687911,Houston Astros,60,1,60.6667,278,51,7.5659
Christian Roa,685005,Houston Astros,7,0,8.6667,43,6,6.2308
Tristan Beck,663941,San Francisco Giants,14,0,19.0000,83,9,4.2632
Joe Boyle,671212,Tampa Bay Rays,4,3,19.0000,81,21,9.9474
Zack Littell,641793,Arizona Diamondbacks,26,14,124.3333,540,73,5.2842
Jaden Hill,677955,Colorado Rockies,46,0,39.6667,181,40,9.0756
Matthew Liberatore,669461,St. Louis Cardinals,31,31,155.0000,674,154,8.9419
Adam Macko,671936,Texas Rangers,30,1,31.0000,145,32,9.2903
Peyton Pallette,688883,Cleveland Guardians,16,0,20.6667,97,22,9.5806
Joe Rock,697812,Athletics,5,0,10.3333,56,12,10.4516
Eric Lauer,641778,Los Angeles Dodgers,22,18,108.3333,466,72,5.9815
Connor Seabold,657756,Kansas City Royals,21,0,24.0000,115,20,7.5000
Germán Márquez,608566,San Diego Padres,13,10,53.0000,236,37,6.2830
Juan Mejia,675848,Colorado Rockies,65,1,70.0000,323,66,8.4857
Jonathan Pintaro,702752,New York Mets,22,0,30.6667,130,30,8.8043
Jack Leiter,683004,Texas Rangers,15,15,80.0000,355,83,9.3375
Mitch Keller,656605,Pittsburgh Pirates,22,22,115.6667,503,89,6.9251
Brandon Williamson,682227,Cincinnati Reds,12,9,52.6667,231,36,6.1519
Coleman Crow,689441,Milwaukee Brewers,5,4,18.6667,85,10,4.8214
Tyler Ferguson,621053,Chicago Cubs,18,0,18.6667,78,21,10.1250
Spencer Strider,675911,Atlanta Braves,8,8,39.0000,165,46,10.6154
Jake Bird,656234,Washington Nationals,44,0,38.6667,172,41,9.5431
Isaac Mattson,676755,Pittsburgh Pirates,38,0,38.6667,176,36,8.3793
Cade Gibson,806188,Miami Marlins,47,1,50.3333,221,44,7.8675
Tomoyuki Sugano,608372,Colorado Rockies,29,29,154.3333,656,96,5.5983
Cody Bolton,675989,Houston Astros,8,3,20.0000,95,22,9.9000
Gavin Collyer,686560,Texas Rangers,24,0,25.0000,113,23,8.2800
Adrian Del Castillo,680728,Arizona Diamondbacks,1,0,1.6667,10,0,0.0000
Ryan Feltner,663372,Colorado Rockies,26,22,123.3333,548,92,6.7135
Alek Jacob,689690,San Diego Padres,3,0,5.0000,23,6,10.8000
Dylan Moore,664238,Philadelphia Phillies,2,0,1.6667,8,0,0.0000
Andrew Painter,691725,Philadelphia Phillies,25,23,126.6667,552,115,8.1711
Connor Phillips,683175,Cincinnati Reds,27,0,30.0000,145,29,8.7000
Elmer Rodríguez,695684,New York Yankees,6,6,26.6667,125,21,7.0875
Robby Snelling,702281,Miami Marlins,1,1,5.0000,22,2,3.6000
Hunter Stratton,676702,Pittsburgh Pirates,3,0,3.3333,15,3,8.1000
CJ Van Eyk,669310,Toronto Blue Jays,5,1,11.6667,55,3,2.3143
Bruce Zimmermann,669145,St. Louis Cardinals,1,0,5.0000,21,2,3.6000
Jose Quintana,500779,Colorado Rockies,11,11,48.0000,212,25,4.6875
Gage Jump,695611,Athletics,20,20,98.6667,437,108,9.8514
Jacob Lopez,682052,Athletics,27,24,123.3333,551,112,8.1730
Xzavion Curry,675540,New York Mets,9,1,21.3333,94,15,6.3281
Jake Irvin,663623,Washington Nationals,22,20,106.6667,470,110,9.2812
Steven Matz,571927,Tampa Bay Rays,36,11,80.3333,342,61,6.8340
Zak Kent,687849,Washington Nationals,11,0,16.3333,77,12,6.6122
Patrick Corbin,571578,Toronto Blue Jays,19,15,80.0000,360,63,7.0875
Brandon Eisert,685126,Pittsburgh Pirates,40,4,44.0000,189,49,10.0227
Luinder Avila,679883,Kansas City Royals,21,12,70.0000,309,61,7.8429
Tobias Myers,668964,New York Mets,32,3,53.6667,230,41,6.8758
Lazaro Estrada,681751,Toronto Blue Jays,8,0,13.0000,57,9,6.2308
Bradley Blalock,687134,Miami Marlins,4,0,11.3333,48,12,9.5294
Dennis Santana,642701,Arizona Diamondbacks,57,0,56.6667,250,49,7.7824
Michael Rucker,621074,Seattle Mariners,37,0,43.6667,186,50,10.3053
Brandon Sproat,687075,Milwaukee Brewers,22,19,97.0000,422,101,9.3711
Noah Schultz,702273,Chicago White Sox,19,14,74.3333,324,67,8.1121
David Sandlin,689818,Chicago White Sox,8,6,40.3333,167,40,8.9256
Lucas Erceg,668674,Kansas City Royals,52,0,48.3333,228,34,6.3310
Drew Pomeranz,519141,Chicago Cubs,31,0,29.0000,135,17,5.2759
Matt Gage,657424,San Francisco Giants,34,0,27.3333,126,22,7.2439
Drew Rom,680723,Athletics,18,0,17.6667,83,17,8.6604
Jordan Romano,605447,Colorado Rockies,38,0,33.6667,153,39,10.4257
Cole Winn,668390,Texas Rangers,51,1,48.0000,215,49,9.1875
Jameson Taillon,592791,Toronto Blue Jays,18,18,86.0000,370,76,7.9535
Eric Orze,679358,Minnesota Twins,36,0,41.3333,189,36,7.8387
Tyler Zuber,676604,Miami Marlins,44,0,39.6667,175,42,9.5294
Keegan Akin,669211,Baltimore Orioles,24,2,25.3333,114,17,6.0395
Griffin Canning,656288,San Diego Padres,30,11,88.6667,391,87,8.8308
Jonathan Hernández,642546,Los Angeles Dodgers,16,0,25.3333,109,22,7.8158
Wyatt Mills,670090,Los Angeles Dodgers,6,0,6.3333,36,5,7.1053
Jimmy Herget,623474,Colorado Rockies,51,3,53.6667,237,47,7.8820
Jack Ralston,667652,Miami Marlins,16,1,17.3333,77,19,9.8654
Jose Cabrera,703615,Arizona Diamondbacks,8,5,28.3333,129,20,6.3529
Garrett Acton,670183,Minnesota Twins,7,0,11.0000,51,14,11.4545
Rhett Lowder,695076,Cincinnati Reds,29,26,133.3333,603,103,6.9525
Max Scherzer,453286,Toronto Blue Jays,18,18,84.6667,364,68,7.2283
Peter Strzelecki,657265,St. Louis Cardinals,8,0,14.0000,61,8,5.1429
Nick Frasso,693308,Colorado Rockies,20,0,21.6667,99,22,9.1385
Miles Mikolas,571945,Washington Nationals,25,11,116.0000,498,58,4.5000
Brady Singer,663903,Cincinnati Reds,31,31,157.0000,725,126,7.2229
Luis Castillo,622491,Chicago White Sox,29,23,130.6667,592,112,7.7143
José Alvarado,621237,Philadelphia Phillies,68,0,58.3333,273,70,10.8000
Brycen Mautz,802408,St. Louis Cardinals,8,1,15.3333,75,19,11.1522
Chayce McDermott,694646,New York Mets,5,0,7.6667,36,6,7.0435
José Suarez,660761,Athletics,45,2,61.3333,277,61,8.9511
Seth Johnson,686751,Athletics,28,1,33.6667,158,40,10.6931
Alan Rangel,660604,Philadelphia Phillies,7,3,26.0000,123,29,10.0385
Seth Halvorsen,678020,Los Angeles Dodgers,32,0,29.0000,141,23,7.1379
Zach Agnos,688642,Colorado Rockies,41,3,91.0000,407,58,5.7363
Robert Stock,476594,New York Mets,8,7,30.3333,147,29,8.6044
Logan Allen,671106,Cleveland Guardians,7,2,16.6667,81,16,8.6400
Carlos Carrasco,471911,Atlanta Braves,8,0,16.6667,73,7,3.7800
Jackson Kent,800600,Washington Nationals,8,7,36.3333,170,30,7.4312
Mason Englert,669438,Tampa Bay Rays,15,4,39.3333,179,38,8.6949
Edward Cabrera,665795,Chicago Cubs,18,15,80.0000,350,71,7.9875
Mike Burrows,681347,Houston Astros,18,17,94.6667,423,75,7.1303
Julian Aguiar,687924,Cincinnati Reds,1,0,3.0000,14,2,6.0000
Carlos Hernández,672578,Cleveland Guardians,2,0,3.0000,14,4,12.0000
Carson Kelly,608348,Chicago Cubs,3,0,3.0000,13,0,0.0000
Owen Murphy,702566,Atlanta Braves,5,1,12.0000,56,9,6.7500
Thomas Pannone,623381,Milwaukee Brewers,1,1,3.0000,14,2,6.0000
Chase Solesky,686678,Tampa Bay Rays,1,0,3.0000,17,4,12.0000
Bennett Sousa,656986,Houston Astros,35,1,30.0000,141,32,9.6000
Grayson Rodriguez,680570,Los Angeles Angels,20,20,98.6667,444,85,7.7534
Zac Gallen,668678,Arizona Diamondbacks,22,20,105.3333,472,64,5.4684
Brady Basso,669620,Athletics,26,7,43.0000,200,31,6.4884
Will Vest,676684,Detroit Tigers,27,0,26.6667,116,27,9.1125
Robby Ahlstrom,695239,Texas Rangers,42,0,37.0000,164,34,8.2703
Ron Marinaccio,676760,Cincinnati Reds,41,0,57.6667,260,48,7.4913
Jack Perkins,678022,Athletics,37,17,121.0000,541,140,10.4132
Justin Sterner,686993,Athletics,46,0,42.6667,184,40,8.4375
Trey Gibson,694346,Baltimore Orioles,9,8,39.6667,185,37,8.3950
Phil Maton,664208,Chicago Cubs,31,0,27.6667,136,31,10.0843
Jeffrey Springs,605488,Athletics,29,29,142.6667,630,112,7.0654
Jack Kochanowicz,686799,Los Angeles Angels,13,13,64.0000,296,47,6.6094
Tanner Banks,621383,Philadelphia Phillies,32,1,36.3333,176,38,9.4128
Austin Hedges,595978,Cleveland Guardians,4,0,4.3333,20,1,2.0769
Luis Mey,682825,Cincinnati Reds,29,0,34.6667,165,50,12.9808
Osvaldo Bido,674370,Chicago White Sox,11,0,18.6667,81,11,5.3036
Jordan Leasure,673929,Chicago White Sox,18,1,18.6667,78,18,8.6786
Garrett Crochet,676979,Boston Red Sox,6,6,30.0000,138,37,11.1000
Max Lazar,676661,Philadelphia Phillies,8,0,10.0000,45,8,7.2000
Eduardo Rivera,700842,Boston Red Sox,4,3,10.0000,44,10,9.0000
Pete Fairbanks,664126,Miami Marlins,46,1,41.3333,183,57,12.4113
Brandan Bidois,684049,Pittsburgh Pirates,15,0,15.6667,80,20,11.4894
Gabriel Hughes,687312,Colorado Rockies,14,13,64.0000,283,56,7.8750
Brendon Little,663893,Toronto Blue Jays,30,0,28.3333,132,44,13.9765
Angel Zerpa,672582,Milwaukee Brewers,12,0,12.6667,55,8,5.6842
Paxton Schultz,687606,Washington Nationals,27,1,32.3333,153,32,8.9072
Tony Santillan,663574,Cincinnati Reds,44,0,40.6667,191,36,7.9672
Scott Barlow,605130,Athletics,36,0,33.3333,152,29,7.8300
Carson Whisenhunt,687931,San Francisco Giants,8,8,34.6667,164,26,6.7500
Chase Lee,695445,Toronto Blue Jays,8,0,9.6667,42,5,4.6552
Kohl Drake,684442,Arizona Diamondbacks,5,5,20.6667,95,17,7.4032
Matt Waldron,663362,Washington Nationals,17,4,42.6667,194,33,6.9609
Lance McCullers Jr.,621121,Milwaukee Brewers,10,8,44.0000,195,48,9.8182
Gus Varland,681402,Washington Nationals,34,0,33.0000,155,32,8.7273
Chris Roycroft,688297,Athletics,27,0,38.3333,189,29,6.8087
Mitchell Parker,680730,Washington Nationals,22,0,39.6667,178,34,7.7143
AJ Smith-Shawver,700363,Atlanta Braves,9,5,31.3333,144,27,7.7553
Kyle Freeland,607536,Colorado Rockies,26,26,135.3333,613,108,7.1823
Sammy Peralta,671111,Los Angeles Angels,16,1,23.0000,112,23,9.0000
Simeon Woods Richardson,680573,Toronto Blue Jays,20,10,66.0000,303,40,5.4545
Ronel Blanco,669854,Houston Astros,8,5,33.6667,143,29,7.7525
Tanner Gordon,685299,Colorado Rockies,24,12,103.6667,473,85,7.3794
Jhonathan Díaz,646242,Seattle Mariners,1,0,1.3333,6,1,6.7500
Hunter Harvey,640451,Chicago Cubs,4,0,4.0000,18,4,9.0000
Alex Lange,656638,Kansas City Royals,59,0,60.0000,275,60,9.0000
Luke Murphy,684665,Los Angeles Angels,22,0,20.0000,89,20,9.0000
Ken Waldichuk,686610,Washington Nationals,5,0,9.3333,41,8,7.7143
Chris Paddack,663978,Texas Rangers,14,9,57.0000,267,40,6.3158
Hunter Greene,668881,Cincinnati Reds,5,5,27.6667,121,33,10.7349
Charlie Barnes,656212,Los Angeles Dodgers,5,0,13.0000,63,6,4.1538
Justin Topa,623437,New York Yankees,25,0,22.0000,108,15,6.1364
Hunter Bigge,685801,Tampa Bay Rays,18,0,19.3333,85,14,6.5172
Justin Verlander,434378,Detroit Tigers,2,2,9.0000,39,7,7.0000
Connor Thomas,671162,Kansas City Royals,19,0,25.6667,118,18,6.3117
Mason Barnett,686930,Athletics,20,6,50.0000,229,50,9.0000
Philip Abner,691769,San Francisco Giants,13,0,19.0000,86,10,4.7368
Andrew Sears,808825,Detroit Tigers,6,3,19.0000,92,15,7.1053
Easton McGee,668834,Kansas City Royals,9,0,11.3333,52,9,7.1471
Ryan Walker,676254,San Francisco Giants,33,0,32.6667,155,23,6.3367
Michael Lorenzen,547179,Toronto Blue Jays,32,25,127.3333,619,90,6.3613
Matt Svanson,694335,St. Louis Cardinals,41,1,43.3333,207,41,8.5154
Matt Strahm,621381,Kansas City Royals,41,0,35.6667,161,30,7.5701
Kodai Senga,673540,New York Mets,31,8,61.3333,283,75,11.0054
Justin Lawrence,664875,Washington Nationals,37,0,34.3333,177,43,11.2718
Nick Raquet,675919,Baltimore Orioles,4,0,3.6667,17,1,2.4545
Brandon Leibrandt,605335,Cincinnati Reds,1,0,6.0000,30,3,4.5000
Carson Spiers,686730,Cincinnati Reds,2,0,6.0000,24,6,9.0000
Valente Bellozo,678368,Colorado Rockies,3,0,10.6667,48,8,6.7500
Ryan Weiss,680802,Houston Astros,9,2,26.0000,131,30,10.3846
Hunter Barco,682995,Pittsburgh Pirates,7,0,17.6667,87,14,7.1321
Shaun Anderson,641312,Los Angeles Angels,12,0,20.0000,93,17,7.6500
Tom Cosgrove,676680,Washington Nationals,18,0,16.3333,74,14,7.7143
Braxton Garrett,666129,Chicago Cubs,3,2,9.3333,49,7,6.7500
Ian Hamilton,641656,Atlanta Braves,4,0,4.6667,23,4,7.7143
Andrew Hoffmann,694851,Arizona Diamondbacks,8,0,11.6667,59,12,9.2571
Seth Lonsway,675920,San Francisco Giants,2,0,2.3333,14,2,7.7143
Carson Palmquist,687223,Washington Nationals,11,6,16.3333,78,15,8.2653
Yariel Rodríguez,684320,Toronto Blue Jays,10,0,9.3333,45,6,5.7857
Luis Torrens,620443,New York Mets,2,0,2.3333,11,0,0.0000
Jake Woodford,663765,Tampa Bay Rays,19,0,27.6667,134,25,8.1325
Corbin Burnes,669203,Arizona Diamondbacks,3,3,10.3333,47,8,6.9677
Duncan Davitt,701474,San Francisco Giants,6,0,8.0000,37,5,5.6250
Cole Henry,669371,Washington Nationals,11,0,13.6667,70,15,9.8780
Taylor Rashi,688497,Athletics,4,0,5.6667,26,5,7.9412
Tommy Kahnle,592454,Boston Red Sox,8,0,9.0000,43,5,5.0000
Danny Young,664849,Atlanta Braves,16,1,12.3333,65,15,10.9459
J.P. France,641585,Houston Astros,3,0,6.6667,31,4,5.4000
Joel Payamps,606303,Atlanta Braves,12,0,7.6667,36,9,10.5652
TJ Shook,669298,Colorado Rockies,5,0,7.6667,36,7,8.2174
Cole Sands,663485,Minnesota Twins,13,0,12.0000,56,11,8.2500
Keegan Thompson,624522,Colorado Rockies,5,0,12.0000,57,11,8.2500
Zach Maxwell,687209,Cincinnati Reds,12,0,13.0000,67,12,8.3077
Hurston Waldrep,694462,Atlanta Braves,3,2,10.6667,56,9,7.5938
Bradley Hanner,690440,New York Yankees,5,0,7.3333,34,7,8.5909
Kyle Nicolas,693312,Cincinnati Reds,7,0,7.3333,42,7,8.5909
Edwin Díaz,621242,Los Angeles Dodgers,21,0,18.6667,96,28,13.5000
Yaramil Hiraldo,682274,Baltimore Orioles,8,0,9.3333,48,13,12.5357
Colton Gordon,676467,Milwaukee Brewers,5,1,14.3333,70,12,7.5349
Sean Sullivan,807743,Colorado Rockies,5,5,22.3333,114,16,6.4478
Orlando Arcia,606115,Minnesota Twins,1,0,1.0000,5,0,0.0000
Blake Burkhalter,686628,Atlanta Braves,1,0,1.0000,5,1,9.0000
Jonathan Cannon,686563,Chicago White Sox,2,0,3.0000,18,4,12.0000
Cameron Foster,671382,Baltimore Orioles,6,0,9.0000,49,9,9.0000
Luis García,472610,Minnesota Twins,15,0,15.0000,74,6,3.6000
Woo-Suk Go,808970,Minnesota Twins,4,0,4.0000,22,5,11.2500
Tanner Houck,656557,Boston Red Sox,1,1,3.0000,13,1,3.0000
Cole Irvin,608344,Los Angeles Dodgers,1,0,6.0000,30,5,7.5000
Hayden Juenger,696522,Athletics,15,0,16.0000,81,6,3.3750
Nolan Kingham,663884,Texas Rangers,1,0,1.0000,6,1,9.0000
Jared Koenig,657649,Milwaukee Brewers,9,0,7.0000,41,7,9.0000
Luke Little,681432,Chicago Cubs,1,0,1.0000,5,1,9.0000
Nicky Lopez,670032,Texas Rangers,1,0,1.0000,7,1,9.0000
Chris Martin,455119,Texas Rangers,16,0,14.0000,66,9,5.7857
Seth Martinez,661527,Boston Red Sox,1,0,1.0000,6,1,9.0000
Patrick Monteverde,687287,Miami Marlins,1,0,4.0000,18,2,4.5000
César Salazar,663967,Houston Astros,1,0,1.0000,4,0,0.0000
Winston Santos,692437,Texas Rangers,1,0,2.0000,9,1,4.5000
Jared Shuster,694363,St. Louis Cardinals,5,0,9.0000,44,4,4.0000
Troy Taylor,700187,Seattle Mariners,2,0,3.0000,15,2,6.0000
José Tena,677588,Washington Nationals,1,0,1.0000,5,0,0.0000
Taijuan Walker,592836,Philadelphia Phillies,5,4,22.6667,115,17,6.7500
Joe Ross,605452,Texas Rangers,8,0,11.6667,57,7,5.4000
Jason Alexander,669920,Houston Astros,4,2,18.3333,84,14,6.8727
Max Kranick,668820,Washington Nationals,17,0,18.3333,94,11,5.4000
Jayden Murray,681151,Chicago Cubs,10,0,16.3333,79,14,7.7143
Spencer Bivens,702352,Kansas City Royals,6,0,7.6667,42,12,14.0870
Luis Curvelo,681168,Texas Rangers,9,0,10.3333,55,6,5.2258
Ben Casparius,676508,Los Angeles Dodgers,5,0,4.6667,23,4,7.7143
Andre Granillo,701552,Washington Nationals,8,0,9.3333,50,3,2.8929
Garrett Stubbs,596117,Philadelphia Phillies,5,0,4.6667,24,0,0.0000
Alek Manoah,666201,Los Angeles Angels,3,0,7.3333,39,5,6.1364
Johan Oviedo,670912,Boston Red Sox,1,0,3.6667,18,3,7.3636
Josh Simpson,681006,Seattle Mariners,8,0,7.3333,38,10,12.2727
Austin Voth,608723,Minnesota Twins,3,0,10.0000,56,3,2.7000
Brendan Beck,694341,New York Yankees,4,2,12.6667,58,13,9.2368
Eric Cerantola,672021,Kansas City Royals,4,0,5.3333,27,7,11.8125
Tyler Heineman,623168,Los Angeles Angels,5,0,5.3333,26,0,0.0000
Aaron Bummer,607481,Kansas City Royals,21,0,16.6667,88,13,7.0200
DJ Herz,687792,Washington Nationals,2,2,7.0000,35,6,7.7143
Kolby Allard,663465,Cleveland Guardians,4,0,8.6667,45,9,9.3462
John Brebbia,605154,Colorado Rockies,3,0,4.3333,21,2,4.1538
Bailey Falter,663559,Atlanta Braves,7,2,13.0000,69,8,5.5385
Jared Simpson,688692,Washington Nationals,4,1,4.3333,20,4,8.3077
Jordan Wicks,696136,Chicago Cubs,4,2,10.3333,50,8,6.9677
Carlos Cortes,666126,Athletics,9,0,9.3333,49,1,0.9643
Matt Krook,640454,Washington Nationals,11,0,8.3333,46,9,9.7200
Corbin Martin,656686,Chicago Cubs,7,0,5.0000,25,4,7.2000
Jedixson Paez,699151,Boston Red Sox,5,1,11.6667,57,8,6.1714
Shane Smith,681343,Chicago White Sox,3,3,8.3333,49,11,11.8800
Emiliano Teodo,693713,Texas Rangers,1,0,1.6667,10,1,5.4000
Kade Morris,695034,Athletics,6,2,17.3333,89,10,5.1923
Joey Estes,683155,Athletics,2,1,7.3333,34,5,6.1364
Jonathan Heasley,669169,Tampa Bay Rays,1,0,4.0000,19,2,4.5000
James McCann,543510,Arizona Diamondbacks,4,0,4.0000,23,0,0.0000
Nick Sandlin,680704,Los Angeles Angels,8,0,8.6667,40,6,6.2308
Luis Perales,691384,Washington Nationals,6,0,11.0000,60,13,10.6364
Chris Devenski,606965,New York Mets,9,0,7.6667,38,5,5.8696
Josh Fleming,676596,Toronto Blue Jays,1,0,3.0000,18,1,3.0000
Tyler Gilbert,656457,Chicago White Sox,5,1,6.0000,32,4,6.0000
Carlos Duran,679922,Kansas City Royals,2,0,1.3333,9,1,6.7500
Alex Jackson,656577,Minnesota Twins,2,0,2.0000,10,0,0.0000
Christian Koss,683766,San Francisco Giants,2,0,2.0000,10,0,0.0000
Joey Lucchesi,664192,Los Angeles Angels,5,0,3.3333,24,4,10.8000
Luis Morales,806960,Athletics,5,2,16.0000,90,13,7.3125
Rolddy Muñoz,691548,Atlanta Braves,1,0,2.0000,12,3,13.5000
Lyon Richardson,680689,Milwaukee Brewers,3,1,3.3333,16,4,10.8000
Miguel Rojas,500743,Los Angeles Dodgers,4,0,4.0000,23,0,0.0000
Javier Sanoja,691594,Miami Marlins,5,0,4.6667,27,1,1.9286
Jorbit Vivas,678391,Washington Nationals,4,0,4.0000,27,0,0.0000
Andrew Wantz,681806,Chicago Cubs,2,0,3.6667,20,1,2.4545
Jose Trevino,624431,Cincinnati Reds,7,0,9.0000,49,3,3.0000
Lou Trivino III,642152,Philadelphia Phillies,5,0,6.0000,36,7,10.5000
Ricky Vanasco,676568,Detroit Tigers,5,0,6.3333,40,4,5.6842
Roddery Muñoz,682610,Houston Astros,3,0,4.0000,25,6,13.5000
Félix Bautista,642585,Baltimore Orioles,2,0,1.6667,10,3,16.2000
Michael Kelly,547184,Athletics,5,0,5.0000,32,6,10.8000
Yunior Tur,814305,Athletics,8,0,12.6667,78,14,9.9474
Yilber Díaz,700270,Detroit Tigers,5,0,6.0000,34,6,9.0000
Tony Gonsolin,664062,Kansas City Royals,1,0,2.6667,15,5,16.8750
Alexander Cornielle,529017,New York Yankees,1,0,1.0000,7,2,18.0000
Adam Frazier,624428,Los Angeles Angels,3,0,2.0000,14,0,0.0000
Zach McKinstry,656716,Detroit Tigers,2,0,2.0000,15,0,0.0000
Chadwick Tromp,644433,Baltimore Orioles,1,0,1.0000,6,0,0.0000
LaMonte Wade Jr.,664774,Houston Astros,1,0,1.0000,6,0,0.0000
Weston Wilson,642215,Seattle Mariners,4,0,3.3333,21,0,0.0000
Jose Corniell,692030,Texas Rangers,2,0,4.3333,28,4,8.3077
Kyle Higashioka,543309,Texas Rangers,3,0,3.0000,18,0,0.0000
Mitch Spence,687765,Kansas City Royals,3,1,9.3333,56,6,5.7857
José Buttó,676130,San Francisco Giants,3,0,2.0000,16,5,22.5000
Wilkin Ramos,678576,San Francisco Giants,2,0,2.0000,15,1,4.5000
Joey Wiemer,686894,Washington Nationals,2,0,2.0000,16,0,0.0000
Tyler Tolbert,686475,Kansas City Royals,5,0,4.6667,33,0,0.0000
Rodolfo Durán,660710,San Diego Padres,2,0,3.0000,19,0,0.0000
Joe La Sorsa,686747,Boston Red Sox,1,0,0.3333,2,1,27.0000
Tanner McDougal,701780,Chicago White Sox,1,0,0.3333,5,0,0.0000
Hancel Rincon,684516,St. Louis Cardinals,3,0,2.3333,14,3,11.5714
Victor Robles,645302,Seattle Mariners,1,0,1.0000,9,0,0.0000
Andrew Vaughn,683734,Milwaukee Brewers,2,0,3.0000,26,1,3.0000
Matt Seelinger,676910,New York Mets,1,0,2.0000,15,2,9.0000
Ben Bowden,641386,Athletics,1,0,1.0000,8,0,0.0000
Buddy Kennedy,671083,San Francisco Giants,1,0,1.0000,9,0,0.0000
Blake Adams,687060,Colorado Rockies,1,0,1.0000,9,0,0.0000
Jackson Rutledge,671131,Washington Nationals,1,0,1.3333,12,2,13.5000
Jhonny Pereda,640902,Seattle Mariners,1,0,0.3333,4,0,0.0000
Leo Rivas,660844,Seattle Mariners,1,0,1.0000,13,0,0.0000
Andruw Monasterio,655316,Boston Red Sox,1,0,0.6667,8,0,0.0000
Josh White,687985,Miami Marlins,1,0,0.6667,8,1,13.5000
Aaron Brooks,605156,Tampa Bay Rays,1,0,0.3333,4,0,0.0000
Yunior Marte,628708,Cincinnati Reds,1,0,0.3333,6,1,27.0000
Carlos Estévez,608032,Kansas City Royals,1,0,0.3333,7,0,0.0000
